Workbook

Sheet Index
A1: GDX index
A4: Type | B4: Name | C4: Location | D4: Row | E4: Column
D5: rdim | E5: cdim
A6: par | B6: inctab | C6: data!aa5 | D6: 1 | E6: 1
A7: par | B7: exptab | C7: data!aa40 | D7: 1 | E7: 1
A8: par | B8: hhddata | C8: data!aa75 | D8: 1 | E8: 1

Sheet Data
A3: Household income table
A4: INCTAB
B5: flab-rn | C5: flab-rp | D5: flab-rs | E5: flab-rt | F5: flab-un | G5: flab-up | H5: flab-us | I5: flab-ut | J5: flab-kn | K5: flab-kp | L5: flab-ks | M5: flab-kt | N5: flnd | O5: fcap-c | P5: fcap-l | Q5: ent | R5: gov | S5: row | T5: total | AB5: flab-rn | AC5: flab-rp | AD5: flab-rs | AE5: flab-rt | AF5: flab-un | AG5: flab-up | AH5: flab-us | AI5: flab-ut | AJ5: flab-kn | AK5: flab-kp | AL5: flab-ks | AM5: flab-kt | AN5: flnd | AO5: fcap-c | AP5: fcap-l | AQ5: ent | AR5: gov | AS5: row | AT5: total
A6: hhd-f1 | B6: =IF(ISNA(INDEX($AB$6:$AT$25,MATCH($A6,$AA$6:$AA$25,0),MATCH(B$5,$AB$5:$AT$5,0))),0,INDEX($AB$6:$AT$25,MATCH($A6,$AA$6:$AA$25,0),MATCH(B$5,$AB$5:$AT$5,0))) -> 119.06684 | C6: =IF(ISNA(INDEX($AB$6:$AT$25,MATCH($A6,$AA$6:$AA$25,0),MATCH(C$5,$AB$5:$AT$5,0))),0,INDEX($AB$6:$AT$25,MATCH($A6,$AA$6:$AA$25,0),MATCH(C$5,$AB$5:$AT$5,0))) -> 77.873941 | D6: =IF(ISNA(INDEX($AB$6:$AT$25,MATCH($A6,$AA$6:$AA$25,0),MATCH(D$5,$AB$5:$AT$5,0))),0,INDEX($AB$6:$AT$25,MATCH($A6,$AA$6:$AA$25,0),MATCH(D$5,$AB$5:$AT$5,0))) -> 2.9336712 | E6: =IF(ISNA(INDEX($AB$6:$AT$25,MATCH($A6,$AA$6:$AA$25,0),MATCH(E$5,$AB$5:$AT$5,0))),0,INDEX($AB$6:$AT$25,MATCH($A6,$AA$6:$AA$25,0),MATCH(E$5,$AB$5:$AT$5,0))) -> 0.15527475 | F6: =IF(ISNA(INDEX($AB$6:$AT$25,MATCH($A6,$AA$6:$AA$25,0),MATCH(F$5,$AB$5:$AT$5,0))),0,INDEX($AB$6:$AT$25,MATCH($A6,$AA$6:$AA$25,0),MATCH(F$5,$AB$5:$AT$5,0))) -> 0 | G6: =IF(ISNA(INDEX($AB$6:$AT$25,MATCH($A6,$AA$6:$AA$25,0),MATCH(G$5,$AB$5:$AT$5,0))),0,INDEX($AB$6:$AT$25,MATCH($A6,$AA$6:$AA$25,0),MATCH(G$5,$AB$5:$AT$5,0))) -> 0 | H6: =IF(ISNA(INDEX($AB$6:$AT$25,MATCH($A6,$AA$6:$AA$25,0),MATCH(H$5,$AB$5:$AT$5,0))),0,INDEX($AB$6:$AT$25,MATCH($A6,$AA$6:$AA$25,0),MATCH(H$5,$AB$5:$AT$5,0))) -> 0 | I6: =IF(ISNA(INDEX($AB$6:$AT$25,MATCH($A6,$AA$6:$AA$25,0),MATCH(I$5,$AB$5:$AT$5,0))),0,INDEX($AB$6:$AT$25,MATCH($A6,$AA$6:$AA$25,0),MATCH(I$5,$AB$5:$AT$5,0))) -> 0 | ... T6: =IF(ISNA(INDEX($AB$6:$AT$25,MATCH($A6,$AA$6:$AA$25,0),MATCH(T$5,$AB$5:$AT$5,0))),0,INDEX($AB$6:$AT$25,MATCH($A6,$AA$6:$AA$25,0),MATCH(T$5,$AB$5:$AT$5,0))) -> 352.66969 | AA6: hhd-f1 | AB6: 119.06684 | AC6: 77.873941 | AD6: 2.9336712 | AE6: 0.15527475 | AN6: 69.428867 | AO6: 35.231461 | AP6: 7.5632189 | AQ6: 18.126722 | AR6: 19.817945 | AS6: 2.4717513 | AT6: 352.66969
A7: hhd-f2 | B7: =IF(ISNA(INDEX($AB$6:$AT$25,MATCH($A7,$AA$6:$AA$25,0),MATCH(B$5,$AB$5:$AT$5,0))),0,INDEX($AB$6:$AT$25,MATCH($A7,$AA$6:$AA$25,0),MATCH(B$5,$AB$5:$AT$5,0))) -> 125.59889 | C7: =IF(ISNA(INDEX($AB$6:$AT$25,MATCH($A7,$AA$6:$AA$25,0),MATCH(C$5,$AB$5:$AT$5,0))),0,INDEX($AB$6:$AT$25,MATCH($A7,$AA$6:$AA$25,0),MATCH(C$5,$AB$5:$AT$5,0))) -> 114.39973 | D7: =IF(ISNA(INDEX($AB$6:$AT$25,MATCH($A7,$AA$6:$AA$25,0),MATCH(D$5,$AB$5:$AT$5,0))),0,INDEX($AB$6:$AT$25,MATCH($A7,$AA$6:$AA$25,0),MATCH(D$5,$AB$5:$AT$5,0))) -> 9.906001 | E7: =IF(ISNA(INDEX($AB$6:$AT$25,MATCH($A7,$AA$6:$AA$25,0),MATCH(E$5,$AB$5:$AT$5,0))),0,INDEX($AB$6:$AT$25,MATCH($A7,$AA$6:$AA$25,0),MATCH(E$5,$AB$5:$AT$5,0))) -> 1.3257162 | F7: =IF(ISNA(INDEX($AB$6:$AT$25,MATCH($A7,$AA$6:$AA$25,0),MATCH(F$5,$AB$5:$AT$5,0))),0,INDEX($AB$6:$AT$25,MATCH($A7,$AA$6:$AA$25,0),MATCH(F$5,$AB$5:$AT$5,0))) -> 0 | G7: =IF(ISNA(INDEX($AB$6:$AT$25,MATCH($A7,$AA$6:$AA$25,0),MATCH(G$5,$AB$5:$AT$5,0))),0,INDEX($AB$6:$AT$25,MATCH($A7,$AA$6:$AA$25,0),MATCH(G$5,$AB$5:$AT$5,0))) -> 0 | H7: =IF(ISNA(INDEX($AB$6:$AT$25,MATCH($A7,$AA$6:$AA$25,0),MATCH(H$5,$AB$5:$AT$5,0))),0,INDEX($AB$6:$AT$25,MATCH($A7,$AA$6:$AA$25,0),MATCH(H$5,$AB$5:$AT$5,0))) -> 0 | I7: =IF(ISNA(INDEX($AB$6:$AT$25,MATCH($A7,$AA$6:$AA$25,0),MATCH(I$5,$AB$5:$AT$5,0))),0,INDEX($AB$6:$AT$25,MATCH($A7,$AA$6:$AA$25,0),MATCH(I$5,$AB$5:$AT$5,0))) -> 0 | ... T7: =IF(ISNA(INDEX($AB$6:$AT$25,MATCH($A7,$AA$6:$AA$25,0),MATCH(T$5,$AB$5:$AT$5,0))),0,INDEX($AB$6:$AT$25,MATCH($A7,$AA$6:$AA$25,0),MATCH(T$5,$AB$5:$AT$5,0))) -> 461.72785 | AA7: hhd-f2 | AB7: 125.59889 | AC7: 114.39973 | AD7: 9.906001 | AE7: 1.3257162 | AN7: 86.579001 | AO7: 43.559058 | AP7: 10.278078 | AQ7: 45.728616 | AR7: 20.592045 | AS7: 3.7607142 | AT7: 461.72785
A8: hhd-f3 | B8: =IF(ISNA(INDEX($AB$6:$AT$25,MATCH($A8,$AA$6:$AA$25,0),MATCH(B$5,$AB$5:$AT$5,0))),0,INDEX($AB$6:$AT$25,MATCH($A8,$AA$6:$AA$25,0),MATCH(B$5,$AB$5:$AT$5,0))) -> 166.80105 | C8: =IF(ISNA(INDEX($AB$6:$AT$25,MATCH($A8,$AA$6:$AA$25,0),MATCH(C$5,$AB$5:$AT$5,0))),0,INDEX($AB$6:$AT$25,MATCH($A8,$AA$6:$AA$25,0),MATCH(C$5,$AB$5:$AT$5,0))) -> 165.00562 | D8: =IF(ISNA(INDEX($AB$6:$AT$25,MATCH($A8,$AA$6:$AA$25,0),MATCH(D$5,$AB$5:$AT$5,0))),0,INDEX($AB$6:$AT$25,MATCH($A8,$AA$6:$AA$25,0),MATCH(D$5,$AB$5:$AT$5,0))) -> 15.958498 | E8: =IF(ISNA(INDEX($AB$6:$AT$25,MATCH($A8,$AA$6:$AA$25,0),MATCH(E$5,$AB$5:$AT$5,0))),0,INDEX($AB$6:$AT$25,MATCH($A8,$AA$6:$AA$25,0),MATCH(E$5,$AB$5:$AT$5,0))) -> 1.1400639 | F8: =IF(ISNA(INDEX($AB$6:$AT$25,MATCH($A8,$AA$6:$AA$25,0),MATCH(F$5,$AB$5:$AT$5,0))),0,INDEX($AB$6:$AT$25,MATCH($A8,$AA$6:$AA$25,0),MATCH(F$5,$AB$5:$AT$5,0))) -> 0 | G8: =IF(ISNA(INDEX($AB$6:$AT$25,MATCH($A8,$AA$6:$AA$25,0),MATCH(G$5,$AB$5:$AT$5,0))),0,INDEX($AB$6:$AT$25,MATCH($A8,$AA$6:$AA$25,0),MATCH(G$5,$AB$5:$AT$5,0))) -> 0 | H8: =IF(ISNA(INDEX($AB$6:$AT$25,MATCH($A8,$AA$6:$AA$25,0),MATCH(H$5,$AB$5:$AT$5,0))),0,INDEX($AB$6:$AT$25,MATCH($A8,$AA$6:$AA$25,0),MATCH(H$5,$AB$5:$AT$5,0))) -> 0 | I8: =IF(ISNA(INDEX($AB$6:$AT$25,MATCH($A8,$AA$6:$AA$25,0),MATCH(I$5,$AB$5:$AT$5,0))),0,INDEX($AB$6:$AT$25,MATCH($A8,$AA$6:$AA$25,0),MATCH(I$5,$AB$5:$AT$5,0))) -> 0 | ... T8: =IF(ISNA(INDEX($AB$6:$AT$25,MATCH($A8,$AA$6:$AA$25,0),MATCH(T$5,$AB$5:$AT$5,0))),0,INDEX($AB$6:$AT$25,MATCH($A8,$AA$6:$AA$25,0),MATCH(T$5,$AB$5:$AT$5,0))) -> 623.34927 | AA8: hhd-f3 | AB8: 166.80105 | AC8: 165.00562 | AD8: 15.958498 | AE8: 1.1400639 | AN8: 125.61094 | AO8: 63.20047 | AP8: 14.259224 | AQ8: 41.062074 | AR8: 22.932416 | AS8: 7.378909 | AT8: 623.34927
A9: hhd-f4 | B9: =IF(ISNA(INDEX($AB$6:$AT$25,MATCH($A9,$AA$6:$AA$25,0),MATCH(B$5,$AB$5:$AT$5,0))),0,INDEX($AB$6:$AT$25,MATCH($A9,$AA$6:$AA$25,0),MATCH(B$5,$AB$5:$AT$5,0))) -> 169.88053 | C9: =IF(ISNA(INDEX($AB$6:$AT$25,MATCH($A9,$AA$6:$AA$25,0),MATCH(C$5,$AB$5:$AT$5,0))),0,INDEX($AB$6:$AT$25,MATCH($A9,$AA$6:$AA$25,0),MATCH(C$5,$AB$5:$AT$5,0))) -> 193.78904 | D9: =IF(ISNA(INDEX($AB$6:$AT$25,MATCH($A9,$AA$6:$AA$25,0),MATCH(D$5,$AB$5:$AT$5,0))),0,INDEX($AB$6:$AT$25,MATCH($A9,$AA$6:$AA$25,0),MATCH(D$5,$AB$5:$AT$5,0))) -> 32.491154 | E9: =IF(ISNA(INDEX($AB$6:$AT$25,MATCH($A9,$AA$6:$AA$25,0),MATCH(E$5,$AB$5:$AT$5,0))),0,INDEX($AB$6:$AT$25,MATCH($A9,$AA$6:$AA$25,0),MATCH(E$5,$AB$5:$AT$5,0))) -> 28.969573 | F9: =IF(ISNA(INDEX($AB$6:$AT$25,MATCH($A9,$AA$6:$AA$25,0),MATCH(F$5,$AB$5:$AT$5,0))),0,INDEX($AB$6:$AT$25,MATCH($A9,$AA$6:$AA$25,0),MATCH(F$5,$AB$5:$AT$5,0))) -> 0 | G9: =IF(ISNA(INDEX($AB$6:$AT$25,MATCH($A9,$AA$6:$AA$25,0),MATCH(G$5,$AB$5:$AT$5,0))),0,INDEX($AB$6:$AT$25,MATCH($A9,$AA$6:$AA$25,0),MATCH(G$5,$AB$5:$AT$5,0))) -> 0 | H9: =IF(ISNA(INDEX($AB$6:$AT$25,MATCH($A9,$AA$6:$AA$25,0),MATCH(H$5,$AB$5:$AT$5,0))),0,INDEX($AB$6:$AT$25,MATCH($A9,$AA$6:$AA$25,0),MATCH(H$5,$AB$5:$AT$5,0))) -> 0 | I9: =IF(ISNA(INDEX($AB$6:$AT$25,MATCH($A9,$AA$6:$AA$25,0),MATCH(I$5,$AB$5:$AT$5,0))),0,INDEX($AB$6:$AT$25,MATCH($A9,$AA$6:$AA$25,0),MATCH(I$5,$AB$5:$AT$5,0))) -> 0 | ... T9: =IF(ISNA(INDEX($AB$6:$AT$25,MATCH($A9,$AA$6:$AA$25,0),MATCH(T$5,$AB$5:$AT$5,0))),0,INDEX($AB$6:$AT$25,MATCH($A9,$AA$6:$AA$25,0),MATCH(T$5,$AB$5:$AT$5,0))) -> 875.63923 | AA9: hhd-f4 | AB9: 169.88053 | AC9: 193.78904 | AD9: 32.491154 | AE9: 28.969573 | AN9: 132.86358 | AO9: 66.290637 | AP9: 18.219064 | AQ9: 187.66527 | AR9: 34.082846 | AS9: 11.387532 | AT9: 875.63923
A10: hhd-f5 | B10: =IF(ISNA(INDEX($AB$6:$AT$25,MATCH($A10,$AA$6:$AA$25,0),MATCH(B$5,$AB$5:$AT$5,0))),0,INDEX($AB$6:$AT$25,MATCH($A10,$AA$6:$AA$25,0),MATCH(B$5,$AB$5:$AT$5,0))) -> 94.420166 | C10: =IF(ISNA(INDEX($AB$6:$AT$25,MATCH($A10,$AA$6:$AA$25,0),MATCH(C$5,$AB$5:$AT$5,0))),0,INDEX($AB$6:$AT$25,MATCH($A10,$AA$6:$AA$25,0),MATCH(C$5,$AB$5:$AT$5,0))) -> 170.12491 | D10: =IF(ISNA(INDEX($AB$6:$AT$25,MATCH($A10,$AA$6:$AA$25,0),MATCH(D$5,$AB$5:$AT$5,0))),0,INDEX($AB$6:$AT$25,MATCH($A10,$AA$6:$AA$25,0),MATCH(D$5,$AB$5:$AT$5,0))) -> 70.584018 | E10: =IF(ISNA(INDEX($AB$6:$AT$25,MATCH($A10,$AA$6:$AA$25,0),MATCH(E$5,$AB$5:$AT$5,0))),0,INDEX($AB$6:$AT$25,MATCH($A10,$AA$6:$AA$25,0),MATCH(E$5,$AB$5:$AT$5,0))) -> 114.56714 | F10: =IF(ISNA(INDEX($AB$6:$AT$25,MATCH($A10,$AA$6:$AA$25,0),MATCH(F$5,$AB$5:$AT$5,0))),0,INDEX($AB$6:$AT$25,MATCH($A10,$AA$6:$AA$25,0),MATCH(F$5,$AB$5:$AT$5,0))) -> 0 | G10: =IF(ISNA(INDEX($AB$6:$AT$25,MATCH($A10,$AA$6:$AA$25,0),MATCH(G$5,$AB$5:$AT$5,0))),0,INDEX($AB$6:$AT$25,MATCH($A10,$AA$6:$AA$25,0),MATCH(G$5,$AB$5:$AT$5,0))) -> 0 | H10: =IF(ISNA(INDEX($AB$6:$AT$25,MATCH($A10,$AA$6:$AA$25,0),MATCH(H$5,$AB$5:$AT$5,0))),0,INDEX($AB$6:$AT$25,MATCH($A10,$AA$6:$AA$25,0),MATCH(H$5,$AB$5:$AT$5,0))) -> 0 | I10: =IF(ISNA(INDEX($AB$6:$AT$25,MATCH($A10,$AA$6:$AA$25,0),MATCH(I$5,$AB$5:$AT$5,0))),0,INDEX($AB$6:$AT$25,MATCH($A10,$AA$6:$AA$25,0),MATCH(I$5,$AB$5:$AT$5,0))) -> 0 | ... T10: =IF(ISNA(INDEX($AB$6:$AT$25,MATCH($A10,$AA$6:$AA$25,0),MATCH(T$5,$AB$5:$AT$5,0))),0,INDEX($AB$6:$AT$25,MATCH($A10,$AA$6:$AA$25,0),MATCH(T$5,$AB$5:$AT$5,0))) -> 942.36613 | AA10: hhd-f5 | AB10: 94.420166 | AC10: 170.12491 | AD10: 70.584018 | AE10: 114.56714 | AN10: 89.25147 | AO10: 44.554274 | AP10: 13.931625 | AQ10: 284.60777 | AR10: 29.968274 | AS10: 30.356467 | AT10: 942.36613
A11: hhd-n1 | B11: =IF(ISNA(INDEX($AB$6:$AT$25,MATCH($A11,$AA$6:$AA$25,0),MATCH(B$5,$AB$5:$AT$5,0))),0,INDEX($AB$6:$AT$25,MATCH($A11,$AA$6:$AA$25,0),MATCH(B$5,$AB$5:$AT$5,0))) -> 0.54979765 | C11: =IF(ISNA(INDEX($AB$6:$AT$25,MATCH($A11,$AA$6:$AA$25,0),MATCH(C$5,$AB$5:$AT$5,0))),0,INDEX($AB$6:$AT$25,MATCH($A11,$AA$6:$AA$25,0),MATCH(C$5,$AB$5:$AT$5,0))) -> 0.21888958 | D11: =IF(ISNA(INDEX($AB$6:$AT$25,MATCH($A11,$AA$6:$AA$25,0),MATCH(D$5,$AB$5:$AT$5,0))),0,INDEX($AB$6:$AT$25,MATCH($A11,$AA$6:$AA$25,0),MATCH(D$5,$AB$5:$AT$5,0))) -> 0 | E11: =IF(ISNA(INDEX($AB$6:$AT$25,MATCH($A11,$AA$6:$AA$25,0),MATCH(E$5,$AB$5:$AT$5,0))),0,INDEX($AB$6:$AT$25,MATCH($A11,$AA$6:$AA$25,0),MATCH(E$5,$AB$5:$AT$5,0))) -> 0 | F11: =IF(ISNA(INDEX($AB$6:$AT$25,MATCH($A11,$AA$6:$AA$25,0),MATCH(F$5,$AB$5:$AT$5,0))),0,INDEX($AB$6:$AT$25,MATCH($A11,$AA$6:$AA$25,0),MATCH(F$5,$AB$5:$AT$5,0))) -> 0 | G11: =IF(ISNA(INDEX($AB$6:$AT$25,MATCH($A11,$AA$6:$AA$25,0),MATCH(G$5,$AB$5:$AT$5,0))),0,INDEX($AB$6:$AT$25,MATCH($A11,$AA$6:$AA$25,0),MATCH(G$5,$AB$5:$AT$5,0))) -> 0 | H11: =IF(ISNA(INDEX($AB$6:$AT$25,MATCH($A11,$AA$6:$AA$25,0),MATCH(H$5,$AB$5:$AT$5,0))),0,INDEX($AB$6:$AT$25,MATCH($A11,$AA$6:$AA$25,0),MATCH(H$5,$AB$5:$AT$5,0))) -> 0 | I11: =IF(ISNA(INDEX($AB$6:$AT$25,MATCH($A11,$AA$6:$AA$25,0),MATCH(I$5,$AB$5:$AT$5,0))),0,INDEX($AB$6:$AT$25,MATCH($A11,$AA$6:$AA$25,0),MATCH(I$5,$AB$5:$AT$5,0))) -> 0 | ... T11: =IF(ISNA(INDEX($AB$6:$AT$25,MATCH($A11,$AA$6:$AA$25,0),MATCH(T$5,$AB$5:$AT$5,0))),0,INDEX($AB$6:$AT$25,MATCH($A11,$AA$6:$AA$25,0),MATCH(T$5,$AB$5:$AT$5,0))) -> 0.83859937 | AA11: hhd-n1 | AB11: 0.54979765 | AC11: 0.21888958 | AR11: 0.068936101 | AS11: 0.0009760339 | AT11: 0.83859937
A12: hhd-n2 | B12: =IF(ISNA(INDEX($AB$6:$AT$25,MATCH($A12,$AA$6:$AA$25,0),MATCH(B$5,$AB$5:$AT$5,0))),0,INDEX($AB$6:$AT$25,MATCH($A12,$AA$6:$AA$25,0),MATCH(B$5,$AB$5:$AT$5,0))) -> 0.45314945 | C12: =IF(ISNA(INDEX($AB$6:$AT$25,MATCH($A12,$AA$6:$AA$25,0),MATCH(C$5,$AB$5:$AT$5,0))),0,INDEX($AB$6:$AT$25,MATCH($A12,$AA$6:$AA$25,0),MATCH(C$5,$AB$5:$AT$5,0))) -> 0.59426507 | D12: =IF(ISNA(INDEX($AB$6:$AT$25,MATCH($A12,$AA$6:$AA$25,0),MATCH(D$5,$AB$5:$AT$5,0))),0,INDEX($AB$6:$AT$25,MATCH($A12,$AA$6:$AA$25,0),MATCH(D$5,$AB$5:$AT$5,0))) -> 0.062743988 | E12: =IF(ISNA(INDEX($AB$6:$AT$25,MATCH($A12,$AA$6:$AA$25,0),MATCH(E$5,$AB$5:$AT$5,0))),0,INDEX($AB$6:$AT$25,MATCH($A12,$AA$6:$AA$25,0),MATCH(E$5,$AB$5:$AT$5,0))) -> 0 | F12: =IF(ISNA(INDEX($AB$6:$AT$25,MATCH($A12,$AA$6:$AA$25,0),MATCH(F$5,$AB$5:$AT$5,0))),0,INDEX($AB$6:$AT$25,MATCH($A12,$AA$6:$AA$25,0),MATCH(F$5,$AB$5:$AT$5,0))) -> 0 | G12: =IF(ISNA(INDEX($AB$6:$AT$25,MATCH($A12,$AA$6:$AA$25,0),MATCH(G$5,$AB$5:$AT$5,0))),0,INDEX($AB$6:$AT$25,MATCH($A12,$AA$6:$AA$25,0),MATCH(G$5,$AB$5:$AT$5,0))) -> 0 | H12: =IF(ISNA(INDEX($AB$6:$AT$25,MATCH($A12,$AA$6:$AA$25,0),MATCH(H$5,$AB$5:$AT$5,0))),0,INDEX($AB$6:$AT$25,MATCH($A12,$AA$6:$AA$25,0),MATCH(H$5,$AB$5:$AT$5,0))) -> 0 | I12: =IF(ISNA(INDEX($AB$6:$AT$25,MATCH($A12,$AA$6:$AA$25,0),MATCH(I$5,$AB$5:$AT$5,0))),0,INDEX($AB$6:$AT$25,MATCH($A12,$AA$6:$AA$25,0),MATCH(I$5,$AB$5:$AT$5,0))) -> 0 | ... T12: =IF(ISNA(INDEX($AB$6:$AT$25,MATCH($A12,$AA$6:$AA$25,0),MATCH(T$5,$AB$5:$AT$5,0))),0,INDEX($AB$6:$AT$25,MATCH($A12,$AA$6:$AA$25,0),MATCH(T$5,$AB$5:$AT$5,0))) -> 1.2045185 | AA12: hhd-n2 | AB12: 0.45314945 | AC12: 0.59426507 | AD12: 0.062743988 | AR12: 0.094359973 | AT12: 1.2045185
A13: hhd-n3 | B13: =IF(ISNA(INDEX($AB$6:$AT$25,MATCH($A13,$AA$6:$AA$25,0),MATCH(B$5,$AB$5:$AT$5,0))),0,INDEX($AB$6:$AT$25,MATCH($A13,$AA$6:$AA$25,0),MATCH(B$5,$AB$5:$AT$5,0))) -> 1.7759154 | C13: =IF(ISNA(INDEX($AB$6:$AT$25,MATCH($A13,$AA$6:$AA$25,0),MATCH(C$5,$AB$5:$AT$5,0))),0,INDEX($AB$6:$AT$25,MATCH($A13,$AA$6:$AA$25,0),MATCH(C$5,$AB$5:$AT$5,0))) -> 1.8270413 | D13: =IF(ISNA(INDEX($AB$6:$AT$25,MATCH($A13,$AA$6:$AA$25,0),MATCH(D$5,$AB$5:$AT$5,0))),0,INDEX($AB$6:$AT$25,MATCH($A13,$AA$6:$AA$25,0),MATCH(D$5,$AB$5:$AT$5,0))) -> 0.47742916 | E13: =IF(ISNA(INDEX($AB$6:$AT$25,MATCH($A13,$AA$6:$AA$25,0),MATCH(E$5,$AB$5:$AT$5,0))),0,INDEX($AB$6:$AT$25,MATCH($A13,$AA$6:$AA$25,0),MATCH(E$5,$AB$5:$AT$5,0))) -> 0 | F13: =IF(ISNA(INDEX($AB$6:$AT$25,MATCH($A13,$AA$6:$AA$25,0),MATCH(F$5,$AB$5:$AT$5,0))),0,INDEX($AB$6:$AT$25,MATCH($A13,$AA$6:$AA$25,0),MATCH(F$5,$AB$5:$AT$5,0))) -> 0 | G13: =IF(ISNA(INDEX($AB$6:$AT$25,MATCH($A13,$AA$6:$AA$25,0),MATCH(G$5,$AB$5:$AT$5,0))),0,INDEX($AB$6:$AT$25,MATCH($A13,$AA$6:$AA$25,0),MATCH(G$5,$AB$5:$AT$5,0))) -> 0 | H13: =IF(ISNA(INDEX($AB$6:$AT$25,MATCH($A13,$AA$6:$AA$25,0),MATCH(H$5,$AB$5:$AT$5,0))),0,INDEX($AB$6:$AT$25,MATCH($A13,$AA$6:$AA$25,0),MATCH(H$5,$AB$5:$AT$5,0))) -> 0 | I13: =IF(ISNA(INDEX($AB$6:$AT$25,MATCH($A13,$AA$6:$AA$25,0),MATCH(I$5,$AB$5:$AT$5,0))),0,INDEX($AB$6:$AT$25,MATCH($A13,$AA$6:$AA$25,0),MATCH(I$5,$AB$5:$AT$5,0))) -> 0 | ... T13: =IF(ISNA(INDEX($AB$6:$AT$25,MATCH($A13,$AA$6:$AA$25,0),MATCH(T$5,$AB$5:$AT$5,0))),0,INDEX($AB$6:$AT$25,MATCH($A13,$AA$6:$AA$25,0),MATCH(T$5,$AB$5:$AT$5,0))) -> 4.4118705 | AA13: hhd-n3 | AB13: 1.7759154 | AC13: 1.8270413 | AD13: 0.47742916 | AQ13: 0.18019994 | AR13: 0.12189143 | AS13: 0.029393212 | AT13: 4.4118705
A14: hhd-n4 | B14: =IF(ISNA(INDEX($AB$6:$AT$25,MATCH($A14,$AA$6:$AA$25,0),MATCH(B$5,$AB$5:$AT$5,0))),0,INDEX($AB$6:$AT$25,MATCH($A14,$AA$6:$AA$25,0),MATCH(B$5,$AB$5:$AT$5,0))) -> 4.5812878 | C14: =IF(ISNA(INDEX($AB$6:$AT$25,MATCH($A14,$AA$6:$AA$25,0),MATCH(C$5,$AB$5:$AT$5,0))),0,INDEX($AB$6:$AT$25,MATCH($A14,$AA$6:$AA$25,0),MATCH(C$5,$AB$5:$AT$5,0))) -> 5.0570386 | D14: =IF(ISNA(INDEX($AB$6:$AT$25,MATCH($A14,$AA$6:$AA$25,0),MATCH(D$5,$AB$5:$AT$5,0))),0,INDEX($AB$6:$AT$25,MATCH($A14,$AA$6:$AA$25,0),MATCH(D$5,$AB$5:$AT$5,0))) -> 1.7466958 | E14: =IF(ISNA(INDEX($AB$6:$AT$25,MATCH($A14,$AA$6:$AA$25,0),MATCH(E$5,$AB$5:$AT$5,0))),0,INDEX($AB$6:$AT$25,MATCH($A14,$AA$6:$AA$25,0),MATCH(E$5,$AB$5:$AT$5,0))) -> 1.5129254 | F14: =IF(ISNA(INDEX($AB$6:$AT$25,MATCH($A14,$AA$6:$AA$25,0),MATCH(F$5,$AB$5:$AT$5,0))),0,INDEX($AB$6:$AT$25,MATCH($A14,$AA$6:$AA$25,0),MATCH(F$5,$AB$5:$AT$5,0))) -> 0 | G14: =IF(ISNA(INDEX($AB$6:$AT$25,MATCH($A14,$AA$6:$AA$25,0),MATCH(G$5,$AB$5:$AT$5,0))),0,INDEX($AB$6:$AT$25,MATCH($A14,$AA$6:$AA$25,0),MATCH(G$5,$AB$5:$AT$5,0))) -> 0 | H14: =IF(ISNA(INDEX($AB$6:$AT$25,MATCH($A14,$AA$6:$AA$25,0),MATCH(H$5,$AB$5:$AT$5,0))),0,INDEX($AB$6:$AT$25,MATCH($A14,$AA$6:$AA$25,0),MATCH(H$5,$AB$5:$AT$5,0))) -> 0 | I14: =IF(ISNA(INDEX($AB$6:$AT$25,MATCH($A14,$AA$6:$AA$25,0),MATCH(I$5,$AB$5:$AT$5,0))),0,INDEX($AB$6:$AT$25,MATCH($A14,$AA$6:$AA$25,0),MATCH(I$5,$AB$5:$AT$5,0))) -> 0 | ... T14: =IF(ISNA(INDEX($AB$6:$AT$25,MATCH($A14,$AA$6:$AA$25,0),MATCH(T$5,$AB$5:$AT$5,0))),0,INDEX($AB$6:$AT$25,MATCH($A14,$AA$6:$AA$25,0),MATCH(T$5,$AB$5:$AT$5,0))) -> 13.572834 | AA14: hhd-n4 | AB14: 4.5812878 | AC14: 5.0570386 | AD14: 1.7466958 | AE14: 1.5129254 | AQ14: 0.36768057 | AR14: 0.29412952 | AS14: 0.01307663 | AT14: 13.572834
A15: hhd-n5 | B15: =IF(ISNA(INDEX($AB$6:$AT$25,MATCH($A15,$AA$6:$AA$25,0),MATCH(B$5,$AB$5:$AT$5,0))),0,INDEX($AB$6:$AT$25,MATCH($A15,$AA$6:$AA$25,0),MATCH(B$5,$AB$5:$AT$5,0))) -> 7.0508192 | C15: =IF(ISNA(INDEX($AB$6:$AT$25,MATCH($A15,$AA$6:$AA$25,0),MATCH(C$5,$AB$5:$AT$5,0))),0,INDEX($AB$6:$AT$25,MATCH($A15,$AA$6:$AA$25,0),MATCH(C$5,$AB$5:$AT$5,0))) -> 20.625618 | D15: =IF(ISNA(INDEX($AB$6:$AT$25,MATCH($A15,$AA$6:$AA$25,0),MATCH(D$5,$AB$5:$AT$5,0))),0,INDEX($AB$6:$AT$25,MATCH($A15,$AA$6:$AA$25,0),MATCH(D$5,$AB$5:$AT$5,0))) -> 17.798422 | E15: =IF(ISNA(INDEX($AB$6:$AT$25,MATCH($A15,$AA$6:$AA$25,0),MATCH(E$5,$AB$5:$AT$5,0))),0,INDEX($AB$6:$AT$25,MATCH($A15,$AA$6:$AA$25,0),MATCH(E$5,$AB$5:$AT$5,0))) -> 53.459895 | F15: =IF(ISNA(INDEX($AB$6:$AT$25,MATCH($A15,$AA$6:$AA$25,0),MATCH(F$5,$AB$5:$AT$5,0))),0,INDEX($AB$6:$AT$25,MATCH($A15,$AA$6:$AA$25,0),MATCH(F$5,$AB$5:$AT$5,0))) -> 0 | G15: =IF(ISNA(INDEX($AB$6:$AT$25,MATCH($A15,$AA$6:$AA$25,0),MATCH(G$5,$AB$5:$AT$5,0))),0,INDEX($AB$6:$AT$25,MATCH($A15,$AA$6:$AA$25,0),MATCH(G$5,$AB$5:$AT$5,0))) -> 0 | H15: =IF(ISNA(INDEX($AB$6:$AT$25,MATCH($A15,$AA$6:$AA$25,0),MATCH(H$5,$AB$5:$AT$5,0))),0,INDEX($AB$6:$AT$25,MATCH($A15,$AA$6:$AA$25,0),MATCH(H$5,$AB$5:$AT$5,0))) -> 0 | I15: =IF(ISNA(INDEX($AB$6:$AT$25,MATCH($A15,$AA$6:$AA$25,0),MATCH(I$5,$AB$5:$AT$5,0))),0,INDEX($AB$6:$AT$25,MATCH($A15,$AA$6:$AA$25,0),MATCH(I$5,$AB$5:$AT$5,0))) -> 0 | ... T15: =IF(ISNA(INDEX($AB$6:$AT$25,MATCH($A15,$AA$6:$AA$25,0),MATCH(T$5,$AB$5:$AT$5,0))),0,INDEX($AB$6:$AT$25,MATCH($A15,$AA$6:$AA$25,0),MATCH(T$5,$AB$5:$AT$5,0))) -> 127.07087 | AA15: hhd-n5 | AB15: 7.0508192 | AC15: 20.625618 | AD15: 17.798422 | AE15: 53.459895 | AQ15: 24.306941 | AR15: 3.1388331 | AS15: 0.69034371 | AT15: 127.07087
A16: hhd-u1 | B16: =IF(ISNA(INDEX($AB$6:$AT$25,MATCH($A16,$AA$6:$AA$25,0),MATCH(B$5,$AB$5:$AT$5,0))),0,INDEX($AB$6:$AT$25,MATCH($A16,$AA$6:$AA$25,0),MATCH(B$5,$AB$5:$AT$5,0))) -> 0 | C16: =IF(ISNA(INDEX($AB$6:$AT$25,MATCH($A16,$AA$6:$AA$25,0),MATCH(C$5,$AB$5:$AT$5,0))),0,INDEX($AB$6:$AT$25,MATCH($A16,$AA$6:$AA$25,0),MATCH(C$5,$AB$5:$AT$5,0))) -> 0 | D16: =IF(ISNA(INDEX($AB$6:$AT$25,MATCH($A16,$AA$6:$AA$25,0),MATCH(D$5,$AB$5:$AT$5,0))),0,INDEX($AB$6:$AT$25,MATCH($A16,$AA$6:$AA$25,0),MATCH(D$5,$AB$5:$AT$5,0))) -> 0 | E16: =IF(ISNA(INDEX($AB$6:$AT$25,MATCH($A16,$AA$6:$AA$25,0),MATCH(E$5,$AB$5:$AT$5,0))),0,INDEX($AB$6:$AT$25,MATCH($A16,$AA$6:$AA$25,0),MATCH(E$5,$AB$5:$AT$5,0))) -> 0 | F16: =IF(ISNA(INDEX($AB$6:$AT$25,MATCH($A16,$AA$6:$AA$25,0),MATCH(F$5,$AB$5:$AT$5,0))),0,INDEX($AB$6:$AT$25,MATCH($A16,$AA$6:$AA$25,0),MATCH(F$5,$AB$5:$AT$5,0))) -> 8.3787533 | G16: =IF(ISNA(INDEX($AB$6:$AT$25,MATCH($A16,$AA$6:$AA$25,0),MATCH(G$5,$AB$5:$AT$5,0))),0,INDEX($AB$6:$AT$25,MATCH($A16,$AA$6:$AA$25,0),MATCH(G$5,$AB$5:$AT$5,0))) -> 4.8066007 | H16: =IF(ISNA(INDEX($AB$6:$AT$25,MATCH($A16,$AA$6:$AA$25,0),MATCH(H$5,$AB$5:$AT$5,0))),0,INDEX($AB$6:$AT$25,MATCH($A16,$AA$6:$AA$25,0),MATCH(H$5,$AB$5:$AT$5,0))) -> 0.36879069 | I16: =IF(ISNA(INDEX($AB$6:$AT$25,MATCH($A16,$AA$6:$AA$25,0),MATCH(I$5,$AB$5:$AT$5,0))),0,INDEX($AB$6:$AT$25,MATCH($A16,$AA$6:$AA$25,0),MATCH(I$5,$AB$5:$AT$5,0))) -> 0.4648147 | ... T16: =IF(ISNA(INDEX($AB$6:$AT$25,MATCH($A16,$AA$6:$AA$25,0),MATCH(T$5,$AB$5:$AT$5,0))),0,INDEX($AB$6:$AT$25,MATCH($A16,$AA$6:$AA$25,0),MATCH(T$5,$AB$5:$AT$5,0))) -> 21.779539 | AA16: hhd-u1 | AF16: 8.3787533 | AG16: 4.8066007 | AH16: 0.36879069 | AI16: 0.4648147 | AN16: 3.2298518 | AO16: 1.6310137 | AP16: 0.44296082 | AQ16: 1.3209115 | AR16: 1.0262638 | AS16: 0.1095783 | AT16: 21.779539
A17: hhd-u2 | B17: =IF(ISNA(INDEX($AB$6:$AT$25,MATCH($A17,$AA$6:$AA$25,0),MATCH(B$5,$AB$5:$AT$5,0))),0,INDEX($AB$6:$AT$25,MATCH($A17,$AA$6:$AA$25,0),MATCH(B$5,$AB$5:$AT$5,0))) -> 0 | C17: =IF(ISNA(INDEX($AB$6:$AT$25,MATCH($A17,$AA$6:$AA$25,0),MATCH(C$5,$AB$5:$AT$5,0))),0,INDEX($AB$6:$AT$25,MATCH($A17,$AA$6:$AA$25,0),MATCH(C$5,$AB$5:$AT$5,0))) -> 0 | D17: =IF(ISNA(INDEX($AB$6:$AT$25,MATCH($A17,$AA$6:$AA$25,0),MATCH(D$5,$AB$5:$AT$5,0))),0,INDEX($AB$6:$AT$25,MATCH($A17,$AA$6:$AA$25,0),MATCH(D$5,$AB$5:$AT$5,0))) -> 0 | E17: =IF(ISNA(INDEX($AB$6:$AT$25,MATCH($A17,$AA$6:$AA$25,0),MATCH(E$5,$AB$5:$AT$5,0))),0,INDEX($AB$6:$AT$25,MATCH($A17,$AA$6:$AA$25,0),MATCH(E$5,$AB$5:$AT$5,0))) -> 0 | F17: =IF(ISNA(INDEX($AB$6:$AT$25,MATCH($A17,$AA$6:$AA$25,0),MATCH(F$5,$AB$5:$AT$5,0))),0,INDEX($AB$6:$AT$25,MATCH($A17,$AA$6:$AA$25,0),MATCH(F$5,$AB$5:$AT$5,0))) -> 9.6752028 | G17: =IF(ISNA(INDEX($AB$6:$AT$25,MATCH($A17,$AA$6:$AA$25,0),MATCH(G$5,$AB$5:$AT$5,0))),0,INDEX($AB$6:$AT$25,MATCH($A17,$AA$6:$AA$25,0),MATCH(G$5,$AB$5:$AT$5,0))) -> 7.5511293 | H17: =IF(ISNA(INDEX($AB$6:$AT$25,MATCH($A17,$AA$6:$AA$25,0),MATCH(H$5,$AB$5:$AT$5,0))),0,INDEX($AB$6:$AT$25,MATCH($A17,$AA$6:$AA$25,0),MATCH(H$5,$AB$5:$AT$5,0))) -> 0.84535815 | I17: =IF(ISNA(INDEX($AB$6:$AT$25,MATCH($A17,$AA$6:$AA$25,0),MATCH(I$5,$AB$5:$AT$5,0))),0,INDEX($AB$6:$AT$25,MATCH($A17,$AA$6:$AA$25,0),MATCH(I$5,$AB$5:$AT$5,0))) -> 1.0655349 | ... T17: =IF(ISNA(INDEX($AB$6:$AT$25,MATCH($A17,$AA$6:$AA$25,0),MATCH(T$5,$AB$5:$AT$5,0))),0,INDEX($AB$6:$AT$25,MATCH($A17,$AA$6:$AA$25,0),MATCH(T$5,$AB$5:$AT$5,0))) -> 32.551968 | AA17: hhd-u2 | AF17: 9.6752028 | AG17: 7.5511293 | AH17: 0.84535815 | AI17: 1.0655349 | AN17: 3.4479838 | AO17: 1.7349635 | AP17: 0.56932087 | AQ17: 6.1777418 | AR17: 1.1658679 | AS17: 0.31886503 | AT17: 32.551968
A18: hhd-u3 | B18: =IF(ISNA(INDEX($AB$6:$AT$25,MATCH($A18,$AA$6:$AA$25,0),MATCH(B$5,$AB$5:$AT$5,0))),0,INDEX($AB$6:$AT$25,MATCH($A18,$AA$6:$AA$25,0),MATCH(B$5,$AB$5:$AT$5,0))) -> 0 | C18: =IF(ISNA(INDEX($AB$6:$AT$25,MATCH($A18,$AA$6:$AA$25,0),MATCH(C$5,$AB$5:$AT$5,0))),0,INDEX($AB$6:$AT$25,MATCH($A18,$AA$6:$AA$25,0),MATCH(C$5,$AB$5:$AT$5,0))) -> 0 | D18: =IF(ISNA(INDEX($AB$6:$AT$25,MATCH($A18,$AA$6:$AA$25,0),MATCH(D$5,$AB$5:$AT$5,0))),0,INDEX($AB$6:$AT$25,MATCH($A18,$AA$6:$AA$25,0),MATCH(D$5,$AB$5:$AT$5,0))) -> 0 | E18: =IF(ISNA(INDEX($AB$6:$AT$25,MATCH($A18,$AA$6:$AA$25,0),MATCH(E$5,$AB$5:$AT$5,0))),0,INDEX($AB$6:$AT$25,MATCH($A18,$AA$6:$AA$25,0),MATCH(E$5,$AB$5:$AT$5,0))) -> 0 | F18: =IF(ISNA(INDEX($AB$6:$AT$25,MATCH($A18,$AA$6:$AA$25,0),MATCH(F$5,$AB$5:$AT$5,0))),0,INDEX($AB$6:$AT$25,MATCH($A18,$AA$6:$AA$25,0),MATCH(F$5,$AB$5:$AT$5,0))) -> 13.159444 | G18: =IF(ISNA(INDEX($AB$6:$AT$25,MATCH($A18,$AA$6:$AA$25,0),MATCH(G$5,$AB$5:$AT$5,0))),0,INDEX($AB$6:$AT$25,MATCH($A18,$AA$6:$AA$25,0),MATCH(G$5,$AB$5:$AT$5,0))) -> 17.20417 | H18: =IF(ISNA(INDEX($AB$6:$AT$25,MATCH($A18,$AA$6:$AA$25,0),MATCH(H$5,$AB$5:$AT$5,0))),0,INDEX($AB$6:$AT$25,MATCH($A18,$AA$6:$AA$25,0),MATCH(H$5,$AB$5:$AT$5,0))) -> 1.8257391 | I18: =IF(ISNA(INDEX($AB$6:$AT$25,MATCH($A18,$AA$6:$AA$25,0),MATCH(I$5,$AB$5:$AT$5,0))),0,INDEX($AB$6:$AT$25,MATCH($A18,$AA$6:$AA$25,0),MATCH(I$5,$AB$5:$AT$5,0))) -> 2.3002951 | ... T18: =IF(ISNA(INDEX($AB$6:$AT$25,MATCH($A18,$AA$6:$AA$25,0),MATCH(T$5,$AB$5:$AT$5,0))),0,INDEX($AB$6:$AT$25,MATCH($A18,$AA$6:$AA$25,0),MATCH(T$5,$AB$5:$AT$5,0))) -> 59.160668 | AA18: hhd-u3 | AF18: 13.159444 | AG18: 17.20417 | AH18: 1.8257391 | AI18: 2.3002951 | AN18: 5.3271571 | AO18: 2.6852725 | AP18: 1.0682427 | AQ18: 13.999868 | AR18: 1.3179287 | AS18: 0.27255136 | AT18: 59.160668
A19: hhd-u4 | B19: =IF(ISNA(INDEX($AB$6:$AT$25,MATCH($A19,$AA$6:$AA$25,0),MATCH(B$5,$AB$5:$AT$5,0))),0,INDEX($AB$6:$AT$25,MATCH($A19,$AA$6:$AA$25,0),MATCH(B$5,$AB$5:$AT$5,0))) -> 0 | C19: =IF(ISNA(INDEX($AB$6:$AT$25,MATCH($A19,$AA$6:$AA$25,0),MATCH(C$5,$AB$5:$AT$5,0))),0,INDEX($AB$6:$AT$25,MATCH($A19,$AA$6:$AA$25,0),MATCH(C$5,$AB$5:$AT$5,0))) -> 0 | D19: =IF(ISNA(INDEX($AB$6:$AT$25,MATCH($A19,$AA$6:$AA$25,0),MATCH(D$5,$AB$5:$AT$5,0))),0,INDEX($AB$6:$AT$25,MATCH($A19,$AA$6:$AA$25,0),MATCH(D$5,$AB$5:$AT$5,0))) -> 0 | E19: =IF(ISNA(INDEX($AB$6:$AT$25,MATCH($A19,$AA$6:$AA$25,0),MATCH(E$5,$AB$5:$AT$5,0))),0,INDEX($AB$6:$AT$25,MATCH($A19,$AA$6:$AA$25,0),MATCH(E$5,$AB$5:$AT$5,0))) -> 0 | F19: =IF(ISNA(INDEX($AB$6:$AT$25,MATCH($A19,$AA$6:$AA$25,0),MATCH(F$5,$AB$5:$AT$5,0))),0,INDEX($AB$6:$AT$25,MATCH($A19,$AA$6:$AA$25,0),MATCH(F$5,$AB$5:$AT$5,0))) -> 8.9380024 | G19: =IF(ISNA(INDEX($AB$6:$AT$25,MATCH($A19,$AA$6:$AA$25,0),MATCH(G$5,$AB$5:$AT$5,0))),0,INDEX($AB$6:$AT$25,MATCH($A19,$AA$6:$AA$25,0),MATCH(G$5,$AB$5:$AT$5,0))) -> 19.600906 | H19: =IF(ISNA(INDEX($AB$6:$AT$25,MATCH($A19,$AA$6:$AA$25,0),MATCH(H$5,$AB$5:$AT$5,0))),0,INDEX($AB$6:$AT$25,MATCH($A19,$AA$6:$AA$25,0),MATCH(H$5,$AB$5:$AT$5,0))) -> 8.0853777 | I19: =IF(ISNA(INDEX($AB$6:$AT$25,MATCH($A19,$AA$6:$AA$25,0),MATCH(I$5,$AB$5:$AT$5,0))),0,INDEX($AB$6:$AT$25,MATCH($A19,$AA$6:$AA$25,0),MATCH(I$5,$AB$5:$AT$5,0))) -> 10.16731 | ... T19: =IF(ISNA(INDEX($AB$6:$AT$25,MATCH($A19,$AA$6:$AA$25,0),MATCH(T$5,$AB$5:$AT$5,0))),0,INDEX($AB$6:$AT$25,MATCH($A19,$AA$6:$AA$25,0),MATCH(T$5,$AB$5:$AT$5,0))) -> 91.95691 | AA19: hhd-u4 | AF19: 8.9380024 | AG19: 19.600906 | AH19: 8.0853777 | AI19: 10.16731 | AN19: 6.8768156 | AO19: 3.4530871 | AP19: 1.8955243 | AQ19: 29.667828 | AR19: 2.3801619 | AS19: 0.89189623 | AT19: 91.95691
A20: hhd-u5 | B20: =IF(ISNA(INDEX($AB$6:$AT$25,MATCH($A20,$AA$6:$AA$25,0),MATCH(B$5,$AB$5:$AT$5,0))),0,INDEX($AB$6:$AT$25,MATCH($A20,$AA$6:$AA$25,0),MATCH(B$5,$AB$5:$AT$5,0))) -> 0 | C20: =IF(ISNA(INDEX($AB$6:$AT$25,MATCH($A20,$AA$6:$AA$25,0),MATCH(C$5,$AB$5:$AT$5,0))),0,INDEX($AB$6:$AT$25,MATCH($A20,$AA$6:$AA$25,0),MATCH(C$5,$AB$5:$AT$5,0))) -> 0 | D20: =IF(ISNA(INDEX($AB$6:$AT$25,MATCH($A20,$AA$6:$AA$25,0),MATCH(D$5,$AB$5:$AT$5,0))),0,INDEX($AB$6:$AT$25,MATCH($A20,$AA$6:$AA$25,0),MATCH(D$5,$AB$5:$AT$5,0))) -> 0 | E20: =IF(ISNA(INDEX($AB$6:$AT$25,MATCH($A20,$AA$6:$AA$25,0),MATCH(E$5,$AB$5:$AT$5,0))),0,INDEX($AB$6:$AT$25,MATCH($A20,$AA$6:$AA$25,0),MATCH(E$5,$AB$5:$AT$5,0))) -> 0 | F20: =IF(ISNA(INDEX($AB$6:$AT$25,MATCH($A20,$AA$6:$AA$25,0),MATCH(F$5,$AB$5:$AT$5,0))),0,INDEX($AB$6:$AT$25,MATCH($A20,$AA$6:$AA$25,0),MATCH(F$5,$AB$5:$AT$5,0))) -> 23.198569 | G20: =IF(ISNA(INDEX($AB$6:$AT$25,MATCH($A20,$AA$6:$AA$25,0),MATCH(G$5,$AB$5:$AT$5,0))),0,INDEX($AB$6:$AT$25,MATCH($A20,$AA$6:$AA$25,0),MATCH(G$5,$AB$5:$AT$5,0))) -> 46.425026 | H20: =IF(ISNA(INDEX($AB$6:$AT$25,MATCH($A20,$AA$6:$AA$25,0),MATCH(H$5,$AB$5:$AT$5,0))),0,INDEX($AB$6:$AT$25,MATCH($A20,$AA$6:$AA$25,0),MATCH(H$5,$AB$5:$AT$5,0))) -> 57.657474 | I20: =IF(ISNA(INDEX($AB$6:$AT$25,MATCH($A20,$AA$6:$AA$25,0),MATCH(I$5,$AB$5:$AT$5,0))),0,INDEX($AB$6:$AT$25,MATCH($A20,$AA$6:$AA$25,0),MATCH(I$5,$AB$5:$AT$5,0))) -> 281.86646 | ... T20: =IF(ISNA(INDEX($AB$6:$AT$25,MATCH($A20,$AA$6:$AA$25,0),MATCH(T$5,$AB$5:$AT$5,0))),0,INDEX($AB$6:$AT$25,MATCH($A20,$AA$6:$AA$25,0),MATCH(T$5,$AB$5:$AT$5,0))) -> 722.05484 | AA20: hhd-u5 | AF20: 23.198569 | AG20: 46.425026 | AH20: 57.657474 | AI20: 281.86646 | AN20: 14.267122 | AO20: 7.1569677 | AP20: 4.840362 | AQ20: 247.93707 | AR20: 27.986535 | AS20: 10.719252 | AT20: 722.05484
A21: hhd-k1 | B21: =IF(ISNA(INDEX($AB$6:$AT$25,MATCH($A21,$AA$6:$AA$25,0),MATCH(B$5,$AB$5:$AT$5,0))),0,INDEX($AB$6:$AT$25,MATCH($A21,$AA$6:$AA$25,0),MATCH(B$5,$AB$5:$AT$5,0))) -> 0 | C21: =IF(ISNA(INDEX($AB$6:$AT$25,MATCH($A21,$AA$6:$AA$25,0),MATCH(C$5,$AB$5:$AT$5,0))),0,INDEX($AB$6:$AT$25,MATCH($A21,$AA$6:$AA$25,0),MATCH(C$5,$AB$5:$AT$5,0))) -> 0 | D21: =IF(ISNA(INDEX($AB$6:$AT$25,MATCH($A21,$AA$6:$AA$25,0),MATCH(D$5,$AB$5:$AT$5,0))),0,INDEX($AB$6:$AT$25,MATCH($A21,$AA$6:$AA$25,0),MATCH(D$5,$AB$5:$AT$5,0))) -> 0 | E21: =IF(ISNA(INDEX($AB$6:$AT$25,MATCH($A21,$AA$6:$AA$25,0),MATCH(E$5,$AB$5:$AT$5,0))),0,INDEX($AB$6:$AT$25,MATCH($A21,$AA$6:$AA$25,0),MATCH(E$5,$AB$5:$AT$5,0))) -> 0 | F21: =IF(ISNA(INDEX($AB$6:$AT$25,MATCH($A21,$AA$6:$AA$25,0),MATCH(F$5,$AB$5:$AT$5,0))),0,INDEX($AB$6:$AT$25,MATCH($A21,$AA$6:$AA$25,0),MATCH(F$5,$AB$5:$AT$5,0))) -> 0 | G21: =IF(ISNA(INDEX($AB$6:$AT$25,MATCH($A21,$AA$6:$AA$25,0),MATCH(G$5,$AB$5:$AT$5,0))),0,INDEX($AB$6:$AT$25,MATCH($A21,$AA$6:$AA$25,0),MATCH(G$5,$AB$5:$AT$5,0))) -> 0 | H21: =IF(ISNA(INDEX($AB$6:$AT$25,MATCH($A21,$AA$6:$AA$25,0),MATCH(H$5,$AB$5:$AT$5,0))),0,INDEX($AB$6:$AT$25,MATCH($A21,$AA$6:$AA$25,0),MATCH(H$5,$AB$5:$AT$5,0))) -> 0 | I21: =IF(ISNA(INDEX($AB$6:$AT$25,MATCH($A21,$AA$6:$AA$25,0),MATCH(I$5,$AB$5:$AT$5,0))),0,INDEX($AB$6:$AT$25,MATCH($A21,$AA$6:$AA$25,0),MATCH(I$5,$AB$5:$AT$5,0))) -> 0 | ... T21: =IF(ISNA(INDEX($AB$6:$AT$25,MATCH($A21,$AA$6:$AA$25,0),MATCH(T$5,$AB$5:$AT$5,0))),0,INDEX($AB$6:$AT$25,MATCH($A21,$AA$6:$AA$25,0),MATCH(T$5,$AB$5:$AT$5,0))) -> 7.7708614 | AA21: hhd-k1 | AJ21: 4.7125447 | AK21: 0.78958269 | AN21: 1.0347639 | AO21: 0.52077907 | AP21: 0.047242205 | AR21: 0.59334259 | AS21: 0.072606279 | AT21: 7.7708614
A22: hhd-k2 | B22: =IF(ISNA(INDEX($AB$6:$AT$25,MATCH($A22,$AA$6:$AA$25,0),MATCH(B$5,$AB$5:$AT$5,0))),0,INDEX($AB$6:$AT$25,MATCH($A22,$AA$6:$AA$25,0),MATCH(B$5,$AB$5:$AT$5,0))) -> 0 | C22: =IF(ISNA(INDEX($AB$6:$AT$25,MATCH($A22,$AA$6:$AA$25,0),MATCH(C$5,$AB$5:$AT$5,0))),0,INDEX($AB$6:$AT$25,MATCH($A22,$AA$6:$AA$25,0),MATCH(C$5,$AB$5:$AT$5,0))) -> 0 | D22: =IF(ISNA(INDEX($AB$6:$AT$25,MATCH($A22,$AA$6:$AA$25,0),MATCH(D$5,$AB$5:$AT$5,0))),0,INDEX($AB$6:$AT$25,MATCH($A22,$AA$6:$AA$25,0),MATCH(D$5,$AB$5:$AT$5,0))) -> 0 | E22: =IF(ISNA(INDEX($AB$6:$AT$25,MATCH($A22,$AA$6:$AA$25,0),MATCH(E$5,$AB$5:$AT$5,0))),0,INDEX($AB$6:$AT$25,MATCH($A22,$AA$6:$AA$25,0),MATCH(E$5,$AB$5:$AT$5,0))) -> 0 | F22: =IF(ISNA(INDEX($AB$6:$AT$25,MATCH($A22,$AA$6:$AA$25,0),MATCH(F$5,$AB$5:$AT$5,0))),0,INDEX($AB$6:$AT$25,MATCH($A22,$AA$6:$AA$25,0),MATCH(F$5,$AB$5:$AT$5,0))) -> 0 | G22: =IF(ISNA(INDEX($AB$6:$AT$25,MATCH($A22,$AA$6:$AA$25,0),MATCH(G$5,$AB$5:$AT$5,0))),0,INDEX($AB$6:$AT$25,MATCH($A22,$AA$6:$AA$25,0),MATCH(G$5,$AB$5:$AT$5,0))) -> 0 | H22: =IF(ISNA(INDEX($AB$6:$AT$25,MATCH($A22,$AA$6:$AA$25,0),MATCH(H$5,$AB$5:$AT$5,0))),0,INDEX($AB$6:$AT$25,MATCH($A22,$AA$6:$AA$25,0),MATCH(H$5,$AB$5:$AT$5,0))) -> 0 | I22: =IF(ISNA(INDEX($AB$6:$AT$25,MATCH($A22,$AA$6:$AA$25,0),MATCH(I$5,$AB$5:$AT$5,0))),0,INDEX($AB$6:$AT$25,MATCH($A22,$AA$6:$AA$25,0),MATCH(I$5,$AB$5:$AT$5,0))) -> 0 | ... T22: =IF(ISNA(INDEX($AB$6:$AT$25,MATCH($A22,$AA$6:$AA$25,0),MATCH(T$5,$AB$5:$AT$5,0))),0,INDEX($AB$6:$AT$25,MATCH($A22,$AA$6:$AA$25,0),MATCH(T$5,$AB$5:$AT$5,0))) -> 25.877243 | AA22: hhd-k2 | AJ22: 7.5537376 | AK22: 5.1988453 | AL22: 2.6945601 | AM22: 2.350258 | AN22: 1.8829349 | AO22: 0.94804581 | AP22: 0.51177752 | AQ22: 2.8830098 | AR22: 1.7066944 | AS22: 0.14737932 | AT22: 25.877243
A23: hhd-k3 | B23: =IF(ISNA(INDEX($AB$6:$AT$25,MATCH($A23,$AA$6:$AA$25,0),MATCH(B$5,$AB$5:$AT$5,0))),0,INDEX($AB$6:$AT$25,MATCH($A23,$AA$6:$AA$25,0),MATCH(B$5,$AB$5:$AT$5,0))) -> 0 | C23: =IF(ISNA(INDEX($AB$6:$AT$25,MATCH($A23,$AA$6:$AA$25,0),MATCH(C$5,$AB$5:$AT$5,0))),0,INDEX($AB$6:$AT$25,MATCH($A23,$AA$6:$AA$25,0),MATCH(C$5,$AB$5:$AT$5,0))) -> 0 | D23: =IF(ISNA(INDEX($AB$6:$AT$25,MATCH($A23,$AA$6:$AA$25,0),MATCH(D$5,$AB$5:$AT$5,0))),0,INDEX($AB$6:$AT$25,MATCH($A23,$AA$6:$AA$25,0),MATCH(D$5,$AB$5:$AT$5,0))) -> 0 | E23: =IF(ISNA(INDEX($AB$6:$AT$25,MATCH($A23,$AA$6:$AA$25,0),MATCH(E$5,$AB$5:$AT$5,0))),0,INDEX($AB$6:$AT$25,MATCH($A23,$AA$6:$AA$25,0),MATCH(E$5,$AB$5:$AT$5,0))) -> 0 | F23: =IF(ISNA(INDEX($AB$6:$AT$25,MATCH($A23,$AA$6:$AA$25,0),MATCH(F$5,$AB$5:$AT$5,0))),0,INDEX($AB$6:$AT$25,MATCH($A23,$AA$6:$AA$25,0),MATCH(F$5,$AB$5:$AT$5,0))) -> 0 | G23: =IF(ISNA(INDEX($AB$6:$AT$25,MATCH($A23,$AA$6:$AA$25,0),MATCH(G$5,$AB$5:$AT$5,0))),0,INDEX($AB$6:$AT$25,MATCH($A23,$AA$6:$AA$25,0),MATCH(G$5,$AB$5:$AT$5,0))) -> 0 | H23: =IF(ISNA(INDEX($AB$6:$AT$25,MATCH($A23,$AA$6:$AA$25,0),MATCH(H$5,$AB$5:$AT$5,0))),0,INDEX($AB$6:$AT$25,MATCH($A23,$AA$6:$AA$25,0),MATCH(H$5,$AB$5:$AT$5,0))) -> 0 | I23: =IF(ISNA(INDEX($AB$6:$AT$25,MATCH($A23,$AA$6:$AA$25,0),MATCH(I$5,$AB$5:$AT$5,0))),0,INDEX($AB$6:$AT$25,MATCH($A23,$AA$6:$AA$25,0),MATCH(I$5,$AB$5:$AT$5,0))) -> 0 | ... T23: =IF(ISNA(INDEX($AB$6:$AT$25,MATCH($A23,$AA$6:$AA$25,0),MATCH(T$5,$AB$5:$AT$5,0))),0,INDEX($AB$6:$AT$25,MATCH($A23,$AA$6:$AA$25,0),MATCH(T$5,$AB$5:$AT$5,0))) -> 43.350997 | AA23: hhd-k3 | AJ23: 11.090036 | AK23: 9.5839684 | AL23: 2.9566835 | AM23: 2.5776513 | AN23: 6.1709302 | AO23: 3.1139931 | AP23: 0.87799149 | AQ23: 5.4986194 | AR23: 1.2968449 | AS23: 0.18427917 | AT23: 43.350997
A24: hhd-k4 | B24: =IF(ISNA(INDEX($AB$6:$AT$25,MATCH($A24,$AA$6:$AA$25,0),MATCH(B$5,$AB$5:$AT$5,0))),0,INDEX($AB$6:$AT$25,MATCH($A24,$AA$6:$AA$25,0),MATCH(B$5,$AB$5:$AT$5,0))) -> 0 | C24: =IF(ISNA(INDEX($AB$6:$AT$25,MATCH($A24,$AA$6:$AA$25,0),MATCH(C$5,$AB$5:$AT$5,0))),0,INDEX($AB$6:$AT$25,MATCH($A24,$AA$6:$AA$25,0),MATCH(C$5,$AB$5:$AT$5,0))) -> 0 | D24: =IF(ISNA(INDEX($AB$6:$AT$25,MATCH($A24,$AA$6:$AA$25,0),MATCH(D$5,$AB$5:$AT$5,0))),0,INDEX($AB$6:$AT$25,MATCH($A24,$AA$6:$AA$25,0),MATCH(D$5,$AB$5:$AT$5,0))) -> 0 | E24: =IF(ISNA(INDEX($AB$6:$AT$25,MATCH($A24,$AA$6:$AA$25,0),MATCH(E$5,$AB$5:$AT$5,0))),0,INDEX($AB$6:$AT$25,MATCH($A24,$AA$6:$AA$25,0),MATCH(E$5,$AB$5:$AT$5,0))) -> 0 | F24: =IF(ISNA(INDEX($AB$6:$AT$25,MATCH($A24,$AA$6:$AA$25,0),MATCH(F$5,$AB$5:$AT$5,0))),0,INDEX($AB$6:$AT$25,MATCH($A24,$AA$6:$AA$25,0),MATCH(F$5,$AB$5:$AT$5,0))) -> 0 | G24: =IF(ISNA(INDEX($AB$6:$AT$25,MATCH($A24,$AA$6:$AA$25,0),MATCH(G$5,$AB$5:$AT$5,0))),0,INDEX($AB$6:$AT$25,MATCH($A24,$AA$6:$AA$25,0),MATCH(G$5,$AB$5:$AT$5,0))) -> 0 | H24: =IF(ISNA(INDEX($AB$6:$AT$25,MATCH($A24,$AA$6:$AA$25,0),MATCH(H$5,$AB$5:$AT$5,0))),0,INDEX($AB$6:$AT$25,MATCH($A24,$AA$6:$AA$25,0),MATCH(H$5,$AB$5:$AT$5,0))) -> 0 | I24: =IF(ISNA(INDEX($AB$6:$AT$25,MATCH($A24,$AA$6:$AA$25,0),MATCH(I$5,$AB$5:$AT$5,0))),0,INDEX($AB$6:$AT$25,MATCH($A24,$AA$6:$AA$25,0),MATCH(I$5,$AB$5:$AT$5,0))) -> 0 | ... T24: =IF(ISNA(INDEX($AB$6:$AT$25,MATCH($A24,$AA$6:$AA$25,0),MATCH(T$5,$AB$5:$AT$5,0))),0,INDEX($AB$6:$AT$25,MATCH($A24,$AA$6:$AA$25,0),MATCH(T$5,$AB$5:$AT$5,0))) -> 123.62397 | AA24: hhd-k4 | AJ24: 21.838883 | AK24: 23.202736 | AL24: 9.8265723 | AM24: 8.5588047 | AN24: 11.008699 | AO24: 5.5393416 | AP24: 6.5208296 | AQ24: 32.616017 | AR24: 4.0319802 | AS24: 0.48011019 | AT24: 123.62397
A25: hhd-k5 | B25: =IF(ISNA(INDEX($AB$6:$AT$25,MATCH($A25,$AA$6:$AA$25,0),MATCH(B$5,$AB$5:$AT$5,0))),0,INDEX($AB$6:$AT$25,MATCH($A25,$AA$6:$AA$25,0),MATCH(B$5,$AB$5:$AT$5,0))) -> 0 | C25: =IF(ISNA(INDEX($AB$6:$AT$25,MATCH($A25,$AA$6:$AA$25,0),MATCH(C$5,$AB$5:$AT$5,0))),0,INDEX($AB$6:$AT$25,MATCH($A25,$AA$6:$AA$25,0),MATCH(C$5,$AB$5:$AT$5,0))) -> 0 | D25: =IF(ISNA(INDEX($AB$6:$AT$25,MATCH($A25,$AA$6:$AA$25,0),MATCH(D$5,$AB$5:$AT$5,0))),0,INDEX($AB$6:$AT$25,MATCH($A25,$AA$6:$AA$25,0),MATCH(D$5,$AB$5:$AT$5,0))) -> 0 | E25: =IF(ISNA(INDEX($AB$6:$AT$25,MATCH($A25,$AA$6:$AA$25,0),MATCH(E$5,$AB$5:$AT$5,0))),0,INDEX($AB$6:$AT$25,MATCH($A25,$AA$6:$AA$25,0),MATCH(E$5,$AB$5:$AT$5,0))) -> 0 | F25: =IF(ISNA(INDEX($AB$6:$AT$25,MATCH($A25,$AA$6:$AA$25,0),MATCH(F$5,$AB$5:$AT$5,0))),0,INDEX($AB$6:$AT$25,MATCH($A25,$AA$6:$AA$25,0),MATCH(F$5,$AB$5:$AT$5,0))) -> 0 | G25: =IF(ISNA(INDEX($AB$6:$AT$25,MATCH($A25,$AA$6:$AA$25,0),MATCH(G$5,$AB$5:$AT$5,0))),0,INDEX($AB$6:$AT$25,MATCH($A25,$AA$6:$AA$25,0),MATCH(G$5,$AB$5:$AT$5,0))) -> 0 | H25: =IF(ISNA(INDEX($AB$6:$AT$25,MATCH($A25,$AA$6:$AA$25,0),MATCH(H$5,$AB$5:$AT$5,0))),0,INDEX($AB$6:$AT$25,MATCH($A25,$AA$6:$AA$25,0),MATCH(H$5,$AB$5:$AT$5,0))) -> 0 | I25: =IF(ISNA(INDEX($AB$6:$AT$25,MATCH($A25,$AA$6:$AA$25,0),MATCH(I$5,$AB$5:$AT$5,0))),0,INDEX($AB$6:$AT$25,MATCH($A25,$AA$6:$AA$25,0),MATCH(I$5,$AB$5:$AT$5,0))) -> 0 | ... T25: =IF(ISNA(INDEX($AB$6:$AT$25,MATCH($A25,$AA$6:$AA$25,0),MATCH(T$5,$AB$5:$AT$5,0))),0,INDEX($AB$6:$AT$25,MATCH($A25,$AA$6:$AA$25,0),MATCH(T$5,$AB$5:$AT$5,0))) -> 2374.4754 | AA25: hhd-k5 | AJ25: 52.702883 | AK25: 86.863386 | AL25: 163.9042 | AM25: 1133.9744 | AN25: 18.910211 | AO25: 9.4859542 | AP25: 9.3228154 | AQ25: 712.79876 | AR25: 81.470815 | AS25: 105.04191 | AT25: 2374.4754
A26: Farm | B26: =SUM(B6:B10) -> 675.76748 | C26: =SUM(C6:C10) -> 721.19325 | D26: =SUM(D6:D10) -> 131.87334 | E26: =SUM(E6:E10) -> 146.15777 | F26: =SUM(F6:F10) -> 0 | G26: =SUM(G6:G10) -> 0 | H26: =SUM(H6:H10) -> 0 | I26: =SUM(I6:I10) -> 0 | ... T26: =SUM(T6:T10) -> 3255.7522
A27: Non-farm | B27: =SUM(B11:B15) -> 14.410969 | C27: =SUM(C11:C15) -> 28.322852 | D27: =SUM(D11:D15) -> 20.085291 | E27: =SUM(E11:E15) -> 54.97282 | F27: =SUM(F11:F15) -> 0 | G27: =SUM(G11:G15) -> 0 | H27: =SUM(H11:H15) -> 0 | I27: =SUM(I11:I15) -> 0 | ... T27: =SUM(T11:T15) -> 147.09869
A28: Urban | B28: =SUM(B16:B20) -> 0 | C28: =SUM(C16:C20) -> 0 | D28: =SUM(D16:D20) -> 0 | E28: =SUM(E16:E20) -> 0 | F28: =SUM(F16:F20) -> 63.349972 | G28: =SUM(G16:G20) -> 95.587832 | H28: =SUM(H16:H20) -> 68.78274 | I28: =SUM(I16:I20) -> 295.86441 | ... T28: =SUM(T16:T20) -> 927.50393
A29: Kigali | B29: =SUM(B21:B25) -> 0 | C29: =SUM(C21:C25) -> 0 | D29: =SUM(D21:D25) -> 0 | E29: =SUM(E21:E25) -> 0 | F29: =SUM(F21:F25) -> 0 | G29: =SUM(G21:G25) -> 0 | H29: =SUM(H21:H25) -> 0 | I29: =SUM(I21:I25) -> 0 | ... T29: =SUM(T21:T25) -> 2575.0984
A30: Total | B30: =SUM(B26:B29) -> 690.17844 | C30: =SUM(C26:C29) -> 749.5161 | D30: =SUM(D26:D29) -> 151.95863 | E30: =SUM(E26:E29) -> 201.13059 | F30: =SUM(F26:F29) -> 63.349972 | G30: =SUM(G26:G29) -> 95.587832 | H30: =SUM(H26:H29) -> 68.78274 | I30: =SUM(I26:I29) -> 295.86441 | ... T30: =SUM(T26:T29) -> 6905.4532
A31: Q1 | B31: =B6+B11+B16+B21 -> 119.61664 | C31: =C6+C11+C16+C21 -> 78.09283 | D31: =D6+D11+D16+D21 -> 2.9336712 | E31: =E6+E11+E16+E21 -> 0.15527475 | F31: =F6+F11+F16+F21 -> 8.3787533 | G31: =G6+G11+G16+G21 -> 4.8066007 | H31: =H6+H11+H16+H21 -> 0.36879069 | I31: =I6+I11+I16+I21 -> 0.4648147 | ... T31: =T6+T11+T16+T21 -> 383.05869
A32: Q2 | B32: =B7+B12+B17+B22 -> 126.05204 | C32: =C7+C12+C17+C22 -> 114.99399 | D32: =D7+D12+D17+D22 -> 9.968745 | E32: =E7+E12+E17+E22 -> 1.3257162 | F32: =F7+F12+F17+F22 -> 9.6752028 | G32: =G7+G12+G17+G22 -> 7.5511293 | H32: =H7+H12+H17+H22 -> 0.84535815 | I32: =I7+I12+I17+I22 -> 1.0655349 | ... T32: =T7+T12+T17+T22 -> 521.36158
A33: Q3 | B33: =B8+B13+B18+B23 -> 168.57696 | C33: =C8+C13+C18+C23 -> 166.83267 | D33: =D8+D13+D18+D23 -> 16.435927 | E33: =E8+E13+E18+E23 -> 1.1400639 | F33: =F8+F13+F18+F23 -> 13.159444 | G33: =G8+G13+G18+G23 -> 17.20417 | H33: =H8+H13+H18+H23 -> 1.8257391 | I33: =I8+I13+I18+I23 -> 2.3002951 | ... T33: =T8+T13+T18+T23 -> 730.2728
A34: Q4 | B34: =B9+B14+B19+B24 -> 174.46182 | C34: =C9+C14+C19+C24 -> 198.84608 | D34: =D9+D14+D19+D24 -> 34.237849 | E34: =E9+E14+E19+E24 -> 30.482498 | F34: =F9+F14+F19+F24 -> 8.9380024 | G34: =G9+G14+G19+G24 -> 19.600906 | H34: =H9+H14+H19+H24 -> 8.0853777 | I34: =I9+I14+I19+I24 -> 10.16731 | ... T34: =T9+T14+T19+T24 -> 1104.7929
A35: Q5 | B35: =B10+B15+B20+B25 -> 101.47099 | C35: =C10+C15+C20+C25 -> 190.75053 | D35: =D10+D15+D20+D25 -> 88.38244 | E35: =E10+E15+E20+E25 -> 168.02704 | F35: =F10+F15+F20+F25 -> 23.198569 | G35: =G10+G15+G20+G25 -> 46.425026 | H35: =H10+H15+H20+H25 -> 57.657474 | I35: =I10+I15+I20+I25 -> 281.86646 | ... T35: =T10+T15+T20+T25 -> 4165.9672
A38: Household expenditure table
A39: EXPTAB
B40: amaiz | C40: cmaiz | D40: cfood | E40: gov | F40: dtax | G40: s-i | H40: row | I40: total | AB40: amaiz | AC40: cmaiz | AD40: cfood | AE40: gov | AF40: dtax | AG40: s-i | AH40: row | AI40: total
A41: hhd-f1 | B41: =IF(ISNA(INDEX($AB$41:$AI$60,MATCH($A41,$AA$41:$AA$60,0),MATCH(B$40,$AB$40:$AI$40,0))),0,INDEX($AB$41:$AI$60,MATCH($A41,$AA$41:$AA$60,0),MATCH(B$40,$AB$40:$AI$40,0))) -> 113.6174 | C41: =IF(ISNA(INDEX($AB$41:$AI$60,MATCH($A41,$AA$41:$AA$60,0),MATCH(C$40,$AB$40:$AI$40,0))),0,INDEX($AB$41:$AI$60,MATCH($A41,$AA$41:$AA$60,0),MATCH(C$40,$AB$40:$AI$40,0))) -> 224.68157 | D41: =IF(ISNA(INDEX($AB$41:$AI$60,MATCH($A41,$AA$41:$AA$60,0),MATCH(D$40,$AB$40:$AI$40,0))),0,INDEX($AB$41:$AI$60,MATCH($A41,$AA$41:$AA$60,0),MATCH(D$40,$AB$40:$AI$40,0))) -> 59.630031 | E41: =IF(ISNA(INDEX($AB$41:$AI$60,MATCH($A41,$AA$41:$AA$60,0),MATCH(E$40,$AB$40:$AI$40,0))),0,INDEX($AB$41:$AI$60,MATCH($A41,$AA$41:$AA$60,0),MATCH(E$40,$AB$40:$AI$40,0))) -> 0.31483112 | F41: =IF(ISNA(INDEX($AB$41:$AI$60,MATCH($A41,$AA$41:$AA$60,0),MATCH(F$40,$AB$40:$AI$40,0))),0,INDEX($AB$41:$AI$60,MATCH($A41,$AA$41:$AA$60,0),MATCH(F$40,$AB$40:$AI$40,0))) -> 1.7129819 | G41: =IF(ISNA(INDEX($AB$41:$AI$60,MATCH($A41,$AA$41:$AA$60,0),MATCH(G$40,$AB$40:$AI$40,0))),0,INDEX($AB$41:$AI$60,MATCH($A41,$AA$41:$AA$60,0),MATCH(G$40,$AB$40:$AI$40,0))) -> 11.185573 | H41: =IF(ISNA(INDEX($AB$41:$AI$60,MATCH($A41,$AA$41:$AA$60,0),MATCH(H$40,$AB$40:$AI$40,0))),0,INDEX($AB$41:$AI$60,MATCH($A41,$AA$41:$AA$60,0),MATCH(H$40,$AB$40:$AI$40,0))) -> 1.157336 | I41: =IF(ISNA(INDEX($AB$41:$AI$60,MATCH($A41,$AA$41:$AA$60,0),MATCH(I$40,$AB$40:$AI$40,0))),0,INDEX($AB$41:$AI$60,MATCH($A41,$AA$41:$AA$60,0),MATCH(I$40,$AB$40:$AI$40,0))) -> 352.66969 | AA41: hhd-f1 | AB41: 113.6174 | AC41: 224.68157 | AD41: 59.630031 | AE41: 0.31483112 | AF41: 1.7129819 | AG41: 11.185573 | AH41: 1.157336 | AI41: 352.66969
A42: hhd-f2 | B42: =IF(ISNA(INDEX($AB$41:$AI$60,MATCH($A42,$AA$41:$AA$60,0),MATCH(B$40,$AB$40:$AI$40,0))),0,INDEX($AB$41:$AI$60,MATCH($A42,$AA$41:$AA$60,0),MATCH(B$40,$AB$40:$AI$40,0))) -> 156.6676 | C42: =IF(ISNA(INDEX($AB$41:$AI$60,MATCH($A42,$AA$41:$AA$60,0),MATCH(C$40,$AB$40:$AI$40,0))),0,INDEX($AB$41:$AI$60,MATCH($A42,$AA$41:$AA$60,0),MATCH(C$40,$AB$40:$AI$40,0))) -> 286.93687 | D42: =IF(ISNA(INDEX($AB$41:$AI$60,MATCH($A42,$AA$41:$AA$60,0),MATCH(D$40,$AB$40:$AI$40,0))),0,INDEX($AB$41:$AI$60,MATCH($A42,$AA$41:$AA$60,0),MATCH(D$40,$AB$40:$AI$40,0))) -> 102.13871 | E42: =IF(ISNA(INDEX($AB$41:$AI$60,MATCH($A42,$AA$41:$AA$60,0),MATCH(E$40,$AB$40:$AI$40,0))),0,INDEX($AB$41:$AI$60,MATCH($A42,$AA$41:$AA$60,0),MATCH(E$40,$AB$40:$AI$40,0))) -> 1.0543925 | F42: =IF(ISNA(INDEX($AB$41:$AI$60,MATCH($A42,$AA$41:$AA$60,0),MATCH(F$40,$AB$40:$AI$40,0))),0,INDEX($AB$41:$AI$60,MATCH($A42,$AA$41:$AA$60,0),MATCH(F$40,$AB$40:$AI$40,0))) -> 2.2430669 | G42: =IF(ISNA(INDEX($AB$41:$AI$60,MATCH($A42,$AA$41:$AA$60,0),MATCH(G$40,$AB$40:$AI$40,0))),0,INDEX($AB$41:$AI$60,MATCH($A42,$AA$41:$AA$60,0),MATCH(G$40,$AB$40:$AI$40,0))) -> 13.570561 | H42: =IF(ISNA(INDEX($AB$41:$AI$60,MATCH($A42,$AA$41:$AA$60,0),MATCH(H$40,$AB$40:$AI$40,0))),0,INDEX($AB$41:$AI$60,MATCH($A42,$AA$41:$AA$60,0),MATCH(H$40,$AB$40:$AI$40,0))) -> 1.2553558 | I42: =IF(ISNA(INDEX($AB$41:$AI$60,MATCH($A42,$AA$41:$AA$60,0),MATCH(I$40,$AB$40:$AI$40,0))),0,INDEX($AB$41:$AI$60,MATCH($A42,$AA$41:$AA$60,0),MATCH(I$40,$AB$40:$AI$40,0))) -> 461.72785 | AA42: hhd-f2 | AB42: 156.6676 | AC42: 286.93687 | AD42: 102.13871 | AE42: 1.0543925 | AF42: 2.2430669 | AG42: 13.570561 | AH42: 1.2553558 | AI42: 461.72785
A43: hhd-f3 | B43: =IF(ISNA(INDEX($AB$41:$AI$60,MATCH($A43,$AA$41:$AA$60,0),MATCH(B$40,$AB$40:$AI$40,0))),0,INDEX($AB$41:$AI$60,MATCH($A43,$AA$41:$AA$60,0),MATCH(B$40,$AB$40:$AI$40,0))) -> 202.11893 | C43: =IF(ISNA(INDEX($AB$41:$AI$60,MATCH($A43,$AA$41:$AA$60,0),MATCH(C$40,$AB$40:$AI$40,0))),0,INDEX($AB$41:$AI$60,MATCH($A43,$AA$41:$AA$60,0),MATCH(C$40,$AB$40:$AI$40,0))) -> 394.07807 | D43: =IF(ISNA(INDEX($AB$41:$AI$60,MATCH($A43,$AA$41:$AA$60,0),MATCH(D$40,$AB$40:$AI$40,0))),0,INDEX($AB$41:$AI$60,MATCH($A43,$AA$41:$AA$60,0),MATCH(D$40,$AB$40:$AI$40,0))) -> 145.01664 | E43: =IF(ISNA(INDEX($AB$41:$AI$60,MATCH($A43,$AA$41:$AA$60,0),MATCH(E$40,$AB$40:$AI$40,0))),0,INDEX($AB$41:$AI$60,MATCH($A43,$AA$41:$AA$60,0),MATCH(E$40,$AB$40:$AI$40,0))) -> 1.8690184 | F43: =IF(ISNA(INDEX($AB$41:$AI$60,MATCH($A43,$AA$41:$AA$60,0),MATCH(F$40,$AB$40:$AI$40,0))),0,INDEX($AB$41:$AI$60,MATCH($A43,$AA$41:$AA$60,0),MATCH(F$40,$AB$40:$AI$40,0))) -> 3.5881142 | G43: =IF(ISNA(INDEX($AB$41:$AI$60,MATCH($A43,$AA$41:$AA$60,0),MATCH(G$40,$AB$40:$AI$40,0))),0,INDEX($AB$41:$AI$60,MATCH($A43,$AA$41:$AA$60,0),MATCH(G$40,$AB$40:$AI$40,0))) -> 19.229197 | H43: =IF(ISNA(INDEX($AB$41:$AI$60,MATCH($A43,$AA$41:$AA$60,0),MATCH(H$40,$AB$40:$AI$40,0))),0,INDEX($AB$41:$AI$60,MATCH($A43,$AA$41:$AA$60,0),MATCH(H$40,$AB$40:$AI$40,0))) -> 2.465933 | I43: =IF(ISNA(INDEX($AB$41:$AI$60,MATCH($A43,$AA$41:$AA$60,0),MATCH(I$40,$AB$40:$AI$40,0))),0,INDEX($AB$41:$AI$60,MATCH($A43,$AA$41:$AA$60,0),MATCH(I$40,$AB$40:$AI$40,0))) -> 623.34927 | AA43: hhd-f3 | AB43: 202.11893 | AC43: 394.07807 | AD43: 145.01664 | AE43: 1.8690184 | AF43: 3.5881142 | AG43: 19.229197 | AH43: 2.465933 | AI43: 623.34927
A44: hhd-f4 | B44: =IF(ISNA(INDEX($AB$41:$AI$60,MATCH($A44,$AA$41:$AA$60,0),MATCH(B$40,$AB$40:$AI$40,0))),0,INDEX($AB$41:$AI$60,MATCH($A44,$AA$41:$AA$60,0),MATCH(B$40,$AB$40:$AI$40,0))) -> 256.09221 | C44: =IF(ISNA(INDEX($AB$41:$AI$60,MATCH($A44,$AA$41:$AA$60,0),MATCH(C$40,$AB$40:$AI$40,0))),0,INDEX($AB$41:$AI$60,MATCH($A44,$AA$41:$AA$60,0),MATCH(C$40,$AB$40:$AI$40,0))) -> 564.2855 | D44: =IF(ISNA(INDEX($AB$41:$AI$60,MATCH($A44,$AA$41:$AA$60,0),MATCH(D$40,$AB$40:$AI$40,0))),0,INDEX($AB$41:$AI$60,MATCH($A44,$AA$41:$AA$60,0),MATCH(D$40,$AB$40:$AI$40,0))) -> 191.70493 | E44: =IF(ISNA(INDEX($AB$41:$AI$60,MATCH($A44,$AA$41:$AA$60,0),MATCH(E$40,$AB$40:$AI$40,0))),0,INDEX($AB$41:$AI$60,MATCH($A44,$AA$41:$AA$60,0),MATCH(E$40,$AB$40:$AI$40,0))) -> 4.1442806 | F44: =IF(ISNA(INDEX($AB$41:$AI$60,MATCH($A44,$AA$41:$AA$60,0),MATCH(F$40,$AB$40:$AI$40,0))),0,INDEX($AB$41:$AI$60,MATCH($A44,$AA$41:$AA$60,0),MATCH(F$40,$AB$40:$AI$40,0))) -> 10.941351 | G44: =IF(ISNA(INDEX($AB$41:$AI$60,MATCH($A44,$AA$41:$AA$60,0),MATCH(G$40,$AB$40:$AI$40,0))),0,INDEX($AB$41:$AI$60,MATCH($A44,$AA$41:$AA$60,0),MATCH(G$40,$AB$40:$AI$40,0))) -> 36.767094 | H44: =IF(ISNA(INDEX($AB$41:$AI$60,MATCH($A44,$AA$41:$AA$60,0),MATCH(H$40,$AB$40:$AI$40,0))),0,INDEX($AB$41:$AI$60,MATCH($A44,$AA$41:$AA$60,0),MATCH(H$40,$AB$40:$AI$40,0))) -> 3.4087924 | I44: =IF(ISNA(INDEX($AB$41:$AI$60,MATCH($A44,$AA$41:$AA$60,0),MATCH(I$40,$AB$40:$AI$40,0))),0,INDEX($AB$41:$AI$60,MATCH($A44,$AA$41:$AA$60,0),MATCH(I$40,$AB$40:$AI$40,0))) -> 875.63923 | AA44: hhd-f4 | AB44: 256.09221 | AC44: 564.2855 | AD44: 191.70493 | AE44: 4.1442806 | AF44: 10.941351 | AG44: 36.767094 | AH44: 3.4087924 | AI44: 875.63923
A45: hhd-f5 | B45: =IF(ISNA(INDEX($AB$41:$AI$60,MATCH($A45,$AA$41:$AA$60,0),MATCH(B$40,$AB$40:$AI$40,0))),0,INDEX($AB$41:$AI$60,MATCH($A45,$AA$41:$AA$60,0),MATCH(B$40,$AB$40:$AI$40,0))) -> 183.26228 | C45: =IF(ISNA(INDEX($AB$41:$AI$60,MATCH($A45,$AA$41:$AA$60,0),MATCH(C$40,$AB$40:$AI$40,0))),0,INDEX($AB$41:$AI$60,MATCH($A45,$AA$41:$AA$60,0),MATCH(C$40,$AB$40:$AI$40,0))) -> 660.17743 | D45: =IF(ISNA(INDEX($AB$41:$AI$60,MATCH($A45,$AA$41:$AA$60,0),MATCH(D$40,$AB$40:$AI$40,0))),0,INDEX($AB$41:$AI$60,MATCH($A45,$AA$41:$AA$60,0),MATCH(D$40,$AB$40:$AI$40,0))) -> 125.34998 | E45: =IF(ISNA(INDEX($AB$41:$AI$60,MATCH($A45,$AA$41:$AA$60,0),MATCH(E$40,$AB$40:$AI$40,0))),0,INDEX($AB$41:$AI$60,MATCH($A45,$AA$41:$AA$60,0),MATCH(E$40,$AB$40:$AI$40,0))) -> 18.99521 | F45: =IF(ISNA(INDEX($AB$41:$AI$60,MATCH($A45,$AA$41:$AA$60,0),MATCH(F$40,$AB$40:$AI$40,0))),0,INDEX($AB$41:$AI$60,MATCH($A45,$AA$41:$AA$60,0),MATCH(F$40,$AB$40:$AI$40,0))) -> 28.001543 | G45: =IF(ISNA(INDEX($AB$41:$AI$60,MATCH($A45,$AA$41:$AA$60,0),MATCH(G$40,$AB$40:$AI$40,0))),0,INDEX($AB$41:$AI$60,MATCH($A45,$AA$41:$AA$60,0),MATCH(G$40,$AB$40:$AI$40,0))) -> 44.190613 | H45: =IF(ISNA(INDEX($AB$41:$AI$60,MATCH($A45,$AA$41:$AA$60,0),MATCH(H$40,$AB$40:$AI$40,0))),0,INDEX($AB$41:$AI$60,MATCH($A45,$AA$41:$AA$60,0),MATCH(H$40,$AB$40:$AI$40,0))) -> 7.7390502 | I45: =IF(ISNA(INDEX($AB$41:$AI$60,MATCH($A45,$AA$41:$AA$60,0),MATCH(I$40,$AB$40:$AI$40,0))),0,INDEX($AB$41:$AI$60,MATCH($A45,$AA$41:$AA$60,0),MATCH(I$40,$AB$40:$AI$40,0))) -> 942.36613 | AA45: hhd-f5 | AB45: 183.26228 | AC45: 660.17743 | AD45: 125.34998 | AE45: 18.99521 | AF45: 28.001543 | AG45: 44.190613 | AH45: 7.7390502 | AI45: 942.36613
A46: hhd-n1 | B46: =IF(ISNA(INDEX($AB$41:$AI$60,MATCH($A46,$AA$41:$AA$60,0),MATCH(B$40,$AB$40:$AI$40,0))),0,INDEX($AB$41:$AI$60,MATCH($A46,$AA$41:$AA$60,0),MATCH(B$40,$AB$40:$AI$40,0))) -> 0.13825085 | C46: =IF(ISNA(INDEX($AB$41:$AI$60,MATCH($A46,$AA$41:$AA$60,0),MATCH(C$40,$AB$40:$AI$40,0))),0,INDEX($AB$41:$AI$60,MATCH($A46,$AA$41:$AA$60,0),MATCH(C$40,$AB$40:$AI$40,0))) -> 0.69324528 | D46: =IF(ISNA(INDEX($AB$41:$AI$60,MATCH($A46,$AA$41:$AA$60,0),MATCH(D$40,$AB$40:$AI$40,0))),0,INDEX($AB$41:$AI$60,MATCH($A46,$AA$41:$AA$60,0),MATCH(D$40,$AB$40:$AI$40,0))) -> 0 | E46: =IF(ISNA(INDEX($AB$41:$AI$60,MATCH($A46,$AA$41:$AA$60,0),MATCH(E$40,$AB$40:$AI$40,0))),0,INDEX($AB$41:$AI$60,MATCH($A46,$AA$41:$AA$60,0),MATCH(E$40,$AB$40:$AI$40,0))) -> 0 | F46: =IF(ISNA(INDEX($AB$41:$AI$60,MATCH($A46,$AA$41:$AA$60,0),MATCH(F$40,$AB$40:$AI$40,0))),0,INDEX($AB$41:$AI$60,MATCH($A46,$AA$41:$AA$60,0),MATCH(F$40,$AB$40:$AI$40,0))) -> 0 | G46: =IF(ISNA(INDEX($AB$41:$AI$60,MATCH($A46,$AA$41:$AA$60,0),MATCH(G$40,$AB$40:$AI$40,0))),0,INDEX($AB$41:$AI$60,MATCH($A46,$AA$41:$AA$60,0),MATCH(G$40,$AB$40:$AI$40,0))) -> 0.0029669393 | H46: =IF(ISNA(INDEX($AB$41:$AI$60,MATCH($A46,$AA$41:$AA$60,0),MATCH(H$40,$AB$40:$AI$40,0))),0,INDEX($AB$41:$AI$60,MATCH($A46,$AA$41:$AA$60,0),MATCH(H$40,$AB$40:$AI$40,0))) -> 0.0041362929 | I46: =IF(ISNA(INDEX($AB$41:$AI$60,MATCH($A46,$AA$41:$AA$60,0),MATCH(I$40,$AB$40:$AI$40,0))),0,INDEX($AB$41:$AI$60,MATCH($A46,$AA$41:$AA$60,0),MATCH(I$40,$AB$40:$AI$40,0))) -> 0.83859937 | AA46: hhd-n1 | AB46: 0.13825085 | AC46: 0.69324528 | AG46: 0.0029669393 | AH46: 0.0041362929 | AI46: 0.83859937
A47: hhd-n2 | B47: =IF(ISNA(INDEX($AB$41:$AI$60,MATCH($A47,$AA$41:$AA$60,0),MATCH(B$40,$AB$40:$AI$40,0))),0,INDEX($AB$41:$AI$60,MATCH($A47,$AA$41:$AA$60,0),MATCH(B$40,$AB$40:$AI$40,0))) -> 0.10591676 | C47: =IF(ISNA(INDEX($AB$41:$AI$60,MATCH($A47,$AA$41:$AA$60,0),MATCH(C$40,$AB$40:$AI$40,0))),0,INDEX($AB$41:$AI$60,MATCH($A47,$AA$41:$AA$60,0),MATCH(C$40,$AB$40:$AI$40,0))) -> 1.039959 | D47: =IF(ISNA(INDEX($AB$41:$AI$60,MATCH($A47,$AA$41:$AA$60,0),MATCH(D$40,$AB$40:$AI$40,0))),0,INDEX($AB$41:$AI$60,MATCH($A47,$AA$41:$AA$60,0),MATCH(D$40,$AB$40:$AI$40,0))) -> 0.00089752976 | E47: =IF(ISNA(INDEX($AB$41:$AI$60,MATCH($A47,$AA$41:$AA$60,0),MATCH(E$40,$AB$40:$AI$40,0))),0,INDEX($AB$41:$AI$60,MATCH($A47,$AA$41:$AA$60,0),MATCH(E$40,$AB$40:$AI$40,0))) -> 0.008961684 | F47: =IF(ISNA(INDEX($AB$41:$AI$60,MATCH($A47,$AA$41:$AA$60,0),MATCH(F$40,$AB$40:$AI$40,0))),0,INDEX($AB$41:$AI$60,MATCH($A47,$AA$41:$AA$60,0),MATCH(F$40,$AB$40:$AI$40,0))) -> 0.032685622 | G47: =IF(ISNA(INDEX($AB$41:$AI$60,MATCH($A47,$AA$41:$AA$60,0),MATCH(G$40,$AB$40:$AI$40,0))),0,INDEX($AB$41:$AI$60,MATCH($A47,$AA$41:$AA$60,0),MATCH(G$40,$AB$40:$AI$40,0))) -> 0.016995441 | H47: =IF(ISNA(INDEX($AB$41:$AI$60,MATCH($A47,$AA$41:$AA$60,0),MATCH(H$40,$AB$40:$AI$40,0))),0,INDEX($AB$41:$AI$60,MATCH($A47,$AA$41:$AA$60,0),MATCH(H$40,$AB$40:$AI$40,0))) -> 0 | I47: =IF(ISNA(INDEX($AB$41:$AI$60,MATCH($A47,$AA$41:$AA$60,0),MATCH(I$40,$AB$40:$AI$40,0))),0,INDEX($AB$41:$AI$60,MATCH($A47,$AA$41:$AA$60,0),MATCH(I$40,$AB$40:$AI$40,0))) -> 1.2045185 | AA47: hhd-n2 | AB47: 0.10591676 | AC47: 1.039959 | AD47: 0.00089752976 | AE47: 0.008961684 | AF47: 0.032685622 | AG47: 0.016995441 | AI47: 1.2045185
A48: hhd-n3 | B48: =IF(ISNA(INDEX($AB$41:$AI$60,MATCH($A48,$AA$41:$AA$60,0),MATCH(B$40,$AB$40:$AI$40,0))),0,INDEX($AB$41:$AI$60,MATCH($A48,$AA$41:$AA$60,0),MATCH(B$40,$AB$40:$AI$40,0))) -> 0.23962163 | C48: =IF(ISNA(INDEX($AB$41:$AI$60,MATCH($A48,$AA$41:$AA$60,0),MATCH(C$40,$AB$40:$AI$40,0))),0,INDEX($AB$41:$AI$60,MATCH($A48,$AA$41:$AA$60,0),MATCH(C$40,$AB$40:$AI$40,0))) -> 3.7388835 | D48: =IF(ISNA(INDEX($AB$41:$AI$60,MATCH($A48,$AA$41:$AA$60,0),MATCH(D$40,$AB$40:$AI$40,0))),0,INDEX($AB$41:$AI$60,MATCH($A48,$AA$41:$AA$60,0),MATCH(D$40,$AB$40:$AI$40,0))) -> 0.0021293441 | E48: =IF(ISNA(INDEX($AB$41:$AI$60,MATCH($A48,$AA$41:$AA$60,0),MATCH(E$40,$AB$40:$AI$40,0))),0,INDEX($AB$41:$AI$60,MATCH($A48,$AA$41:$AA$60,0),MATCH(E$40,$AB$40:$AI$40,0))) -> 0.017265457 | F48: =IF(ISNA(INDEX($AB$41:$AI$60,MATCH($A48,$AA$41:$AA$60,0),MATCH(F$40,$AB$40:$AI$40,0))),0,INDEX($AB$41:$AI$60,MATCH($A48,$AA$41:$AA$60,0),MATCH(F$40,$AB$40:$AI$40,0))) -> 0.20085538 | G48: =IF(ISNA(INDEX($AB$41:$AI$60,MATCH($A48,$AA$41:$AA$60,0),MATCH(G$40,$AB$40:$AI$40,0))),0,INDEX($AB$41:$AI$60,MATCH($A48,$AA$41:$AA$60,0),MATCH(G$40,$AB$40:$AI$40,0))) -> 0.17386484 | H48: =IF(ISNA(INDEX($AB$41:$AI$60,MATCH($A48,$AA$41:$AA$60,0),MATCH(H$40,$AB$40:$AI$40,0))),0,INDEX($AB$41:$AI$60,MATCH($A48,$AA$41:$AA$60,0),MATCH(H$40,$AB$40:$AI$40,0))) -> 0.04137968 | I48: =IF(ISNA(INDEX($AB$41:$AI$60,MATCH($A48,$AA$41:$AA$60,0),MATCH(I$40,$AB$40:$AI$40,0))),0,INDEX($AB$41:$AI$60,MATCH($A48,$AA$41:$AA$60,0),MATCH(I$40,$AB$40:$AI$40,0))) -> 4.4118705 | AA48: hhd-n3 | AB48: 0.23962163 | AC48: 3.7388835 | AD48: 0.0021293441 | AE48: 0.017265457 | AF48: 0.20085538 | AG48: 0.17386484 | AH48: 0.04137968 | AI48: 4.4118705
A49: hhd-n4 | B49: =IF(ISNA(INDEX($AB$41:$AI$60,MATCH($A49,$AA$41:$AA$60,0),MATCH(B$40,$AB$40:$AI$40,0))),0,INDEX($AB$41:$AI$60,MATCH($A49,$AA$41:$AA$60,0),MATCH(B$40,$AB$40:$AI$40,0))) -> 0.38658399 | C49: =IF(ISNA(INDEX($AB$41:$AI$60,MATCH($A49,$AA$41:$AA$60,0),MATCH(C$40,$AB$40:$AI$40,0))),0,INDEX($AB$41:$AI$60,MATCH($A49,$AA$41:$AA$60,0),MATCH(C$40,$AB$40:$AI$40,0))) -> 11.112232 | D49: =IF(ISNA(INDEX($AB$41:$AI$60,MATCH($A49,$AA$41:$AA$60,0),MATCH(D$40,$AB$40:$AI$40,0))),0,INDEX($AB$41:$AI$60,MATCH($A49,$AA$41:$AA$60,0),MATCH(D$40,$AB$40:$AI$40,0))) -> 0.049264284 | E49: =IF(ISNA(INDEX($AB$41:$AI$60,MATCH($A49,$AA$41:$AA$60,0),MATCH(E$40,$AB$40:$AI$40,0))),0,INDEX($AB$41:$AI$60,MATCH($A49,$AA$41:$AA$60,0),MATCH(E$40,$AB$40:$AI$40,0))) -> 0.41467405 | F49: =IF(ISNA(INDEX($AB$41:$AI$60,MATCH($A49,$AA$41:$AA$60,0),MATCH(F$40,$AB$40:$AI$40,0))),0,INDEX($AB$41:$AI$60,MATCH($A49,$AA$41:$AA$60,0),MATCH(F$40,$AB$40:$AI$40,0))) -> 0.63172814 | G49: =IF(ISNA(INDEX($AB$41:$AI$60,MATCH($A49,$AA$41:$AA$60,0),MATCH(G$40,$AB$40:$AI$40,0))),0,INDEX($AB$41:$AI$60,MATCH($A49,$AA$41:$AA$60,0),MATCH(G$40,$AB$40:$AI$40,0))) -> 0.98919069 | H49: =IF(ISNA(INDEX($AB$41:$AI$60,MATCH($A49,$AA$41:$AA$60,0),MATCH(H$40,$AB$40:$AI$40,0))),0,INDEX($AB$41:$AI$60,MATCH($A49,$AA$41:$AA$60,0),MATCH(H$40,$AB$40:$AI$40,0))) -> 0.038425235 | I49: =IF(ISNA(INDEX($AB$41:$AI$60,MATCH($A49,$AA$41:$AA$60,0),MATCH(I$40,$AB$40:$AI$40,0))),0,INDEX($AB$41:$AI$60,MATCH($A49,$AA$41:$AA$60,0),MATCH(I$40,$AB$40:$AI$40,0))) -> 13.572834 | AA49: hhd-n4 | AB49: 0.38658399 | AC49: 11.112232 | AD49: 0.049264284 | AE49: 0.41467405 | AF49: 0.63172814 | AG49: 0.98919069 | AH49: 0.038425235 | AI49: 13.572834
A50: hhd-n5 | B50: =IF(ISNA(INDEX($AB$41:$AI$60,MATCH($A50,$AA$41:$AA$60,0),MATCH(B$40,$AB$40:$AI$40,0))),0,INDEX($AB$41:$AI$60,MATCH($A50,$AA$41:$AA$60,0),MATCH(B$40,$AB$40:$AI$40,0))) -> 0.18647759 | C50: =IF(ISNA(INDEX($AB$41:$AI$60,MATCH($A50,$AA$41:$AA$60,0),MATCH(C$40,$AB$40:$AI$40,0))),0,INDEX($AB$41:$AI$60,MATCH($A50,$AA$41:$AA$60,0),MATCH(C$40,$AB$40:$AI$40,0))) -> 106.04349 | D50: =IF(ISNA(INDEX($AB$41:$AI$60,MATCH($A50,$AA$41:$AA$60,0),MATCH(D$40,$AB$40:$AI$40,0))),0,INDEX($AB$41:$AI$60,MATCH($A50,$AA$41:$AA$60,0),MATCH(D$40,$AB$40:$AI$40,0))) -> 0.0050546666 | E50: =IF(ISNA(INDEX($AB$41:$AI$60,MATCH($A50,$AA$41:$AA$60,0),MATCH(E$40,$AB$40:$AI$40,0))),0,INDEX($AB$41:$AI$60,MATCH($A50,$AA$41:$AA$60,0),MATCH(E$40,$AB$40:$AI$40,0))) -> 4.9531734 | F50: =IF(ISNA(INDEX($AB$41:$AI$60,MATCH($A50,$AA$41:$AA$60,0),MATCH(F$40,$AB$40:$AI$40,0))),0,INDEX($AB$41:$AI$60,MATCH($A50,$AA$41:$AA$60,0),MATCH(F$40,$AB$40:$AI$40,0))) -> 8.1232903 | G50: =IF(ISNA(INDEX($AB$41:$AI$60,MATCH($A50,$AA$41:$AA$60,0),MATCH(G$40,$AB$40:$AI$40,0))),0,INDEX($AB$41:$AI$60,MATCH($A50,$AA$41:$AA$60,0),MATCH(G$40,$AB$40:$AI$40,0))) -> 7.3575853 | H50: =IF(ISNA(INDEX($AB$41:$AI$60,MATCH($A50,$AA$41:$AA$60,0),MATCH(H$40,$AB$40:$AI$40,0))),0,INDEX($AB$41:$AI$60,MATCH($A50,$AA$41:$AA$60,0),MATCH(H$40,$AB$40:$AI$40,0))) -> 0.40685714 | I50: =IF(ISNA(INDEX($AB$41:$AI$60,MATCH($A50,$AA$41:$AA$60,0),MATCH(I$40,$AB$40:$AI$40,0))),0,INDEX($AB$41:$AI$60,MATCH($A50,$AA$41:$AA$60,0),MATCH(I$40,$AB$40:$AI$40,0))) -> 127.07087 | AA50: hhd-n5 | AB50: 0.18647759 | AC50: 106.04349 | AD50: 0.0050546666 | AE50: 4.9531734 | AF50: 8.1232903 | AG50: 7.3575853 | AH50: 0.40685714 | AI50: 127.07087
A51: hhd-u1 | B51: =IF(ISNA(INDEX($AB$41:$AI$60,MATCH($A51,$AA$41:$AA$60,0),MATCH(B$40,$AB$40:$AI$40,0))),0,INDEX($AB$41:$AI$60,MATCH($A51,$AA$41:$AA$60,0),MATCH(B$40,$AB$40:$AI$40,0))) -> 4.792123 | C51: =IF(ISNA(INDEX($AB$41:$AI$60,MATCH($A51,$AA$41:$AA$60,0),MATCH(C$40,$AB$40:$AI$40,0))),0,INDEX($AB$41:$AI$60,MATCH($A51,$AA$41:$AA$60,0),MATCH(C$40,$AB$40:$AI$40,0))) -> 15.69755 | D51: =IF(ISNA(INDEX($AB$41:$AI$60,MATCH($A51,$AA$41:$AA$60,0),MATCH(D$40,$AB$40:$AI$40,0))),0,INDEX($AB$41:$AI$60,MATCH($A51,$AA$41:$AA$60,0),MATCH(D$40,$AB$40:$AI$40,0))) -> 0.87026693 | E51: =IF(ISNA(INDEX($AB$41:$AI$60,MATCH($A51,$AA$41:$AA$60,0),MATCH(E$40,$AB$40:$AI$40,0))),0,INDEX($AB$41:$AI$60,MATCH($A51,$AA$41:$AA$60,0),MATCH(E$40,$AB$40:$AI$40,0))) -> 0.098777397 | F51: =IF(ISNA(INDEX($AB$41:$AI$60,MATCH($A51,$AA$41:$AA$60,0),MATCH(F$40,$AB$40:$AI$40,0))),0,INDEX($AB$41:$AI$60,MATCH($A51,$AA$41:$AA$60,0),MATCH(F$40,$AB$40:$AI$40,0))) -> 0.36032616 | G51: =IF(ISNA(INDEX($AB$41:$AI$60,MATCH($A51,$AA$41:$AA$60,0),MATCH(G$40,$AB$40:$AI$40,0))),0,INDEX($AB$41:$AI$60,MATCH($A51,$AA$41:$AA$60,0),MATCH(G$40,$AB$40:$AI$40,0))) -> 0.78105234 | H51: =IF(ISNA(INDEX($AB$41:$AI$60,MATCH($A51,$AA$41:$AA$60,0),MATCH(H$40,$AB$40:$AI$40,0))),0,INDEX($AB$41:$AI$60,MATCH($A51,$AA$41:$AA$60,0),MATCH(H$40,$AB$40:$AI$40,0))) -> 0.049710761 | I51: =IF(ISNA(INDEX($AB$41:$AI$60,MATCH($A51,$AA$41:$AA$60,0),MATCH(I$40,$AB$40:$AI$40,0))),0,INDEX($AB$41:$AI$60,MATCH($A51,$AA$41:$AA$60,0),MATCH(I$40,$AB$40:$AI$40,0))) -> 21.779539 | AA51: hhd-u1 | AB51: 4.792123 | AC51: 15.69755 | AD51: 0.87026693 | AE51: 0.098777397 | AF51: 0.36032616 | AG51: 0.78105234 | AH51: 0.049710761 | AI51: 21.779539
A52: hhd-u2 | B52: =IF(ISNA(INDEX($AB$41:$AI$60,MATCH($A52,$AA$41:$AA$60,0),MATCH(B$40,$AB$40:$AI$40,0))),0,INDEX($AB$41:$AI$60,MATCH($A52,$AA$41:$AA$60,0),MATCH(B$40,$AB$40:$AI$40,0))) -> 6.7931782 | C52: =IF(ISNA(INDEX($AB$41:$AI$60,MATCH($A52,$AA$41:$AA$60,0),MATCH(C$40,$AB$40:$AI$40,0))),0,INDEX($AB$41:$AI$60,MATCH($A52,$AA$41:$AA$60,0),MATCH(C$40,$AB$40:$AI$40,0))) -> 23.884961 | D52: =IF(ISNA(INDEX($AB$41:$AI$60,MATCH($A52,$AA$41:$AA$60,0),MATCH(D$40,$AB$40:$AI$40,0))),0,INDEX($AB$41:$AI$60,MATCH($A52,$AA$41:$AA$60,0),MATCH(D$40,$AB$40:$AI$40,0))) -> 2.2414608 | E52: =IF(ISNA(INDEX($AB$41:$AI$60,MATCH($A52,$AA$41:$AA$60,0),MATCH(E$40,$AB$40:$AI$40,0))),0,INDEX($AB$41:$AI$60,MATCH($A52,$AA$41:$AA$60,0),MATCH(E$40,$AB$40:$AI$40,0))) -> 0.1093349 | F52: =IF(ISNA(INDEX($AB$41:$AI$60,MATCH($A52,$AA$41:$AA$60,0),MATCH(F$40,$AB$40:$AI$40,0))),0,INDEX($AB$41:$AI$60,MATCH($A52,$AA$41:$AA$60,0),MATCH(F$40,$AB$40:$AI$40,0))) -> 0.61055069 | G52: =IF(ISNA(INDEX($AB$41:$AI$60,MATCH($A52,$AA$41:$AA$60,0),MATCH(G$40,$AB$40:$AI$40,0))),0,INDEX($AB$41:$AI$60,MATCH($A52,$AA$41:$AA$60,0),MATCH(G$40,$AB$40:$AI$40,0))) -> 1.0413968 | H52: =IF(ISNA(INDEX($AB$41:$AI$60,MATCH($A52,$AA$41:$AA$60,0),MATCH(H$40,$AB$40:$AI$40,0))),0,INDEX($AB$41:$AI$60,MATCH($A52,$AA$41:$AA$60,0),MATCH(H$40,$AB$40:$AI$40,0))) -> 0.11254689 | I52: =IF(ISNA(INDEX($AB$41:$AI$60,MATCH($A52,$AA$41:$AA$60,0),MATCH(I$40,$AB$40:$AI$40,0))),0,INDEX($AB$41:$AI$60,MATCH($A52,$AA$41:$AA$60,0),MATCH(I$40,$AB$40:$AI$40,0))) -> 32.551968 | AA52: hhd-u2 | AB52: 6.7931782 | AC52: 23.884961 | AD52: 2.2414608 | AE52: 0.1093349 | AF52: 0.61055069 | AG52: 1.0413968 | AH52: 0.11254689 | AI52: 32.551968
A53: hhd-u3 | B53: =IF(ISNA(INDEX($AB$41:$AI$60,MATCH($A53,$AA$41:$AA$60,0),MATCH(B$40,$AB$40:$AI$40,0))),0,INDEX($AB$41:$AI$60,MATCH($A53,$AA$41:$AA$60,0),MATCH(B$40,$AB$40:$AI$40,0))) -> 9.7001263 | C53: =IF(ISNA(INDEX($AB$41:$AI$60,MATCH($A53,$AA$41:$AA$60,0),MATCH(C$40,$AB$40:$AI$40,0))),0,INDEX($AB$41:$AI$60,MATCH($A53,$AA$41:$AA$60,0),MATCH(C$40,$AB$40:$AI$40,0))) -> 46.055971 | D53: =IF(ISNA(INDEX($AB$41:$AI$60,MATCH($A53,$AA$41:$AA$60,0),MATCH(D$40,$AB$40:$AI$40,0))),0,INDEX($AB$41:$AI$60,MATCH($A53,$AA$41:$AA$60,0),MATCH(D$40,$AB$40:$AI$40,0))) -> 4.4784504 | E53: =IF(ISNA(INDEX($AB$41:$AI$60,MATCH($A53,$AA$41:$AA$60,0),MATCH(E$40,$AB$40:$AI$40,0))),0,INDEX($AB$41:$AI$60,MATCH($A53,$AA$41:$AA$60,0),MATCH(E$40,$AB$40:$AI$40,0))) -> 0.20321945 | F53: =IF(ISNA(INDEX($AB$41:$AI$60,MATCH($A53,$AA$41:$AA$60,0),MATCH(F$40,$AB$40:$AI$40,0))),0,INDEX($AB$41:$AI$60,MATCH($A53,$AA$41:$AA$60,0),MATCH(F$40,$AB$40:$AI$40,0))) -> 1.7466468 | G53: =IF(ISNA(INDEX($AB$41:$AI$60,MATCH($A53,$AA$41:$AA$60,0),MATCH(G$40,$AB$40:$AI$40,0))),0,INDEX($AB$41:$AI$60,MATCH($A53,$AA$41:$AA$60,0),MATCH(G$40,$AB$40:$AI$40,0))) -> 1.3334733 | H53: =IF(ISNA(INDEX($AB$41:$AI$60,MATCH($A53,$AA$41:$AA$60,0),MATCH(H$40,$AB$40:$AI$40,0))),0,INDEX($AB$41:$AI$60,MATCH($A53,$AA$41:$AA$60,0),MATCH(H$40,$AB$40:$AI$40,0))) -> 0.1212307 | I53: =IF(ISNA(INDEX($AB$41:$AI$60,MATCH($A53,$AA$41:$AA$60,0),MATCH(I$40,$AB$40:$AI$40,0))),0,INDEX($AB$41:$AI$60,MATCH($A53,$AA$41:$AA$60,0),MATCH(I$40,$AB$40:$AI$40,0))) -> 59.160668 | AA53: hhd-u3 | AB53: 9.7001263 | AC53: 46.055971 | AD53: 4.4784504 | AE53: 0.20321945 | AF53: 1.7466468 | AG53: 1.3334733 | AH53: 0.1212307 | AI53: 59.160668
A54: hhd-u4 | B54: =IF(ISNA(INDEX($AB$41:$AI$60,MATCH($A54,$AA$41:$AA$60,0),MATCH(B$40,$AB$40:$AI$40,0))),0,INDEX($AB$41:$AI$60,MATCH($A54,$AA$41:$AA$60,0),MATCH(B$40,$AB$40:$AI$40,0))) -> 10.484221 | C54: =IF(ISNA(INDEX($AB$41:$AI$60,MATCH($A54,$AA$41:$AA$60,0),MATCH(C$40,$AB$40:$AI$40,0))),0,INDEX($AB$41:$AI$60,MATCH($A54,$AA$41:$AA$60,0),MATCH(C$40,$AB$40:$AI$40,0))) -> 70.642022 | D54: =IF(ISNA(INDEX($AB$41:$AI$60,MATCH($A54,$AA$41:$AA$60,0),MATCH(D$40,$AB$40:$AI$40,0))),0,INDEX($AB$41:$AI$60,MATCH($A54,$AA$41:$AA$60,0),MATCH(D$40,$AB$40:$AI$40,0))) -> 4.0748687 | E54: =IF(ISNA(INDEX($AB$41:$AI$60,MATCH($A54,$AA$41:$AA$60,0),MATCH(E$40,$AB$40:$AI$40,0))),0,INDEX($AB$41:$AI$60,MATCH($A54,$AA$41:$AA$60,0),MATCH(E$40,$AB$40:$AI$40,0))) -> 1.1646278 | F54: =IF(ISNA(INDEX($AB$41:$AI$60,MATCH($A54,$AA$41:$AA$60,0),MATCH(F$40,$AB$40:$AI$40,0))),0,INDEX($AB$41:$AI$60,MATCH($A54,$AA$41:$AA$60,0),MATCH(F$40,$AB$40:$AI$40,0))) -> 6.4829511 | G54: =IF(ISNA(INDEX($AB$41:$AI$60,MATCH($A54,$AA$41:$AA$60,0),MATCH(G$40,$AB$40:$AI$40,0))),0,INDEX($AB$41:$AI$60,MATCH($A54,$AA$41:$AA$60,0),MATCH(G$40,$AB$40:$AI$40,0))) -> 2.9020537 | H54: =IF(ISNA(INDEX($AB$41:$AI$60,MATCH($A54,$AA$41:$AA$60,0),MATCH(H$40,$AB$40:$AI$40,0))),0,INDEX($AB$41:$AI$60,MATCH($A54,$AA$41:$AA$60,0),MATCH(H$40,$AB$40:$AI$40,0))) -> 0.28103548 | I54: =IF(ISNA(INDEX($AB$41:$AI$60,MATCH($A54,$AA$41:$AA$60,0),MATCH(I$40,$AB$40:$AI$40,0))),0,INDEX($AB$41:$AI$60,MATCH($A54,$AA$41:$AA$60,0),MATCH(I$40,$AB$40:$AI$40,0))) -> 91.95691 | AA54: hhd-u4 | AB54: 10.484221 | AC54: 70.642022 | AD54: 4.0748687 | AE54: 1.1646278 | AF54: 6.4829511 | AG54: 2.9020537 | AH54: 0.28103548 | AI54: 91.95691
A55: hhd-u5 | B55: =IF(ISNA(INDEX($AB$41:$AI$60,MATCH($A55,$AA$41:$AA$60,0),MATCH(B$40,$AB$40:$AI$40,0))),0,INDEX($AB$41:$AI$60,MATCH($A55,$AA$41:$AA$60,0),MATCH(B$40,$AB$40:$AI$40,0))) -> 49.047784 | C55: =IF(ISNA(INDEX($AB$41:$AI$60,MATCH($A55,$AA$41:$AA$60,0),MATCH(C$40,$AB$40:$AI$40,0))),0,INDEX($AB$41:$AI$60,MATCH($A55,$AA$41:$AA$60,0),MATCH(C$40,$AB$40:$AI$40,0))) -> 483.99965 | D55: =IF(ISNA(INDEX($AB$41:$AI$60,MATCH($A55,$AA$41:$AA$60,0),MATCH(D$40,$AB$40:$AI$40,0))),0,INDEX($AB$41:$AI$60,MATCH($A55,$AA$41:$AA$60,0),MATCH(D$40,$AB$40:$AI$40,0))) -> 9.5351505 | E55: =IF(ISNA(INDEX($AB$41:$AI$60,MATCH($A55,$AA$41:$AA$60,0),MATCH(E$40,$AB$40:$AI$40,0))),0,INDEX($AB$41:$AI$60,MATCH($A55,$AA$41:$AA$60,0),MATCH(E$40,$AB$40:$AI$40,0))) -> 36.306217 | F55: =IF(ISNA(INDEX($AB$41:$AI$60,MATCH($A55,$AA$41:$AA$60,0),MATCH(F$40,$AB$40:$AI$40,0))),0,INDEX($AB$41:$AI$60,MATCH($A55,$AA$41:$AA$60,0),MATCH(F$40,$AB$40:$AI$40,0))) -> 52.431531 | G55: =IF(ISNA(INDEX($AB$41:$AI$60,MATCH($A55,$AA$41:$AA$60,0),MATCH(G$40,$AB$40:$AI$40,0))),0,INDEX($AB$41:$AI$60,MATCH($A55,$AA$41:$AA$60,0),MATCH(G$40,$AB$40:$AI$40,0))) -> 97.33302 | H55: =IF(ISNA(INDEX($AB$41:$AI$60,MATCH($A55,$AA$41:$AA$60,0),MATCH(H$40,$AB$40:$AI$40,0))),0,INDEX($AB$41:$AI$60,MATCH($A55,$AA$41:$AA$60,0),MATCH(H$40,$AB$40:$AI$40,0))) -> 2.9366425 | I55: =IF(ISNA(INDEX($AB$41:$AI$60,MATCH($A55,$AA$41:$AA$60,0),MATCH(I$40,$AB$40:$AI$40,0))),0,INDEX($AB$41:$AI$60,MATCH($A55,$AA$41:$AA$60,0),MATCH(I$40,$AB$40:$AI$40,0))) -> 722.05484 | AA55: hhd-u5 | AB55: 49.047784 | AC55: 483.99965 | AD55: 9.5351505 | AE55: 36.306217 | AF55: 52.431531 | AG55: 97.33302 | AH55: 2.9366425 | AI55: 722.05484
A56: hhd-k1 | B56: =IF(ISNA(INDEX($AB$41:$AI$60,MATCH($A56,$AA$41:$AA$60,0),MATCH(B$40,$AB$40:$AI$40,0))),0,INDEX($AB$41:$AI$60,MATCH($A56,$AA$41:$AA$60,0),MATCH(B$40,$AB$40:$AI$40,0))) -> 1.2840379 | C56: =IF(ISNA(INDEX($AB$41:$AI$60,MATCH($A56,$AA$41:$AA$60,0),MATCH(C$40,$AB$40:$AI$40,0))),0,INDEX($AB$41:$AI$60,MATCH($A56,$AA$41:$AA$60,0),MATCH(C$40,$AB$40:$AI$40,0))) -> 6.2952146 | D56: =IF(ISNA(INDEX($AB$41:$AI$60,MATCH($A56,$AA$41:$AA$60,0),MATCH(D$40,$AB$40:$AI$40,0))),0,INDEX($AB$41:$AI$60,MATCH($A56,$AA$41:$AA$60,0),MATCH(D$40,$AB$40:$AI$40,0))) -> 0.41119699 | E56: =IF(ISNA(INDEX($AB$41:$AI$60,MATCH($A56,$AA$41:$AA$60,0),MATCH(E$40,$AB$40:$AI$40,0))),0,INDEX($AB$41:$AI$60,MATCH($A56,$AA$41:$AA$60,0),MATCH(E$40,$AB$40:$AI$40,0))) -> 0 | F56: =IF(ISNA(INDEX($AB$41:$AI$60,MATCH($A56,$AA$41:$AA$60,0),MATCH(F$40,$AB$40:$AI$40,0))),0,INDEX($AB$41:$AI$60,MATCH($A56,$AA$41:$AA$60,0),MATCH(F$40,$AB$40:$AI$40,0))) -> 0 | G56: =IF(ISNA(INDEX($AB$41:$AI$60,MATCH($A56,$AA$41:$AA$60,0),MATCH(G$40,$AB$40:$AI$40,0))),0,INDEX($AB$41:$AI$60,MATCH($A56,$AA$41:$AA$60,0),MATCH(G$40,$AB$40:$AI$40,0))) -> 0.15585845 | H56: =IF(ISNA(INDEX($AB$41:$AI$60,MATCH($A56,$AA$41:$AA$60,0),MATCH(H$40,$AB$40:$AI$40,0))),0,INDEX($AB$41:$AI$60,MATCH($A56,$AA$41:$AA$60,0),MATCH(H$40,$AB$40:$AI$40,0))) -> 0.035750456 | I56: =IF(ISNA(INDEX($AB$41:$AI$60,MATCH($A56,$AA$41:$AA$60,0),MATCH(I$40,$AB$40:$AI$40,0))),0,INDEX($AB$41:$AI$60,MATCH($A56,$AA$41:$AA$60,0),MATCH(I$40,$AB$40:$AI$40,0))) -> 7.7708614 | AA56: hhd-k1 | AB56: 1.2840379 | AC56: 6.2952146 | AD56: 0.41119699 | AG56: 0.15585845 | AH56: 0.035750456 | AI56: 7.7708614
A57: hhd-k2 | B57: =IF(ISNA(INDEX($AB$41:$AI$60,MATCH($A57,$AA$41:$AA$60,0),MATCH(B$40,$AB$40:$AI$40,0))),0,INDEX($AB$41:$AI$60,MATCH($A57,$AA$41:$AA$60,0),MATCH(B$40,$AB$40:$AI$40,0))) -> 2.0671225 | C57: =IF(ISNA(INDEX($AB$41:$AI$60,MATCH($A57,$AA$41:$AA$60,0),MATCH(C$40,$AB$40:$AI$40,0))),0,INDEX($AB$41:$AI$60,MATCH($A57,$AA$41:$AA$60,0),MATCH(C$40,$AB$40:$AI$40,0))) -> 20.816325 | D57: =IF(ISNA(INDEX($AB$41:$AI$60,MATCH($A57,$AA$41:$AA$60,0),MATCH(D$40,$AB$40:$AI$40,0))),0,INDEX($AB$41:$AI$60,MATCH($A57,$AA$41:$AA$60,0),MATCH(D$40,$AB$40:$AI$40,0))) -> 1.2039314 | E57: =IF(ISNA(INDEX($AB$41:$AI$60,MATCH($A57,$AA$41:$AA$60,0),MATCH(E$40,$AB$40:$AI$40,0))),0,INDEX($AB$41:$AI$60,MATCH($A57,$AA$41:$AA$60,0),MATCH(E$40,$AB$40:$AI$40,0))) -> 0.40187041 | F57: =IF(ISNA(INDEX($AB$41:$AI$60,MATCH($A57,$AA$41:$AA$60,0),MATCH(F$40,$AB$40:$AI$40,0))),0,INDEX($AB$41:$AI$60,MATCH($A57,$AA$41:$AA$60,0),MATCH(F$40,$AB$40:$AI$40,0))) -> 1.2505701 | G57: =IF(ISNA(INDEX($AB$41:$AI$60,MATCH($A57,$AA$41:$AA$60,0),MATCH(G$40,$AB$40:$AI$40,0))),0,INDEX($AB$41:$AI$60,MATCH($A57,$AA$41:$AA$60,0),MATCH(G$40,$AB$40:$AI$40,0))) -> 1.2761115 | H57: =IF(ISNA(INDEX($AB$41:$AI$60,MATCH($A57,$AA$41:$AA$60,0),MATCH(H$40,$AB$40:$AI$40,0))),0,INDEX($AB$41:$AI$60,MATCH($A57,$AA$41:$AA$60,0),MATCH(H$40,$AB$40:$AI$40,0))) -> 0.06524337 | I57: =IF(ISNA(INDEX($AB$41:$AI$60,MATCH($A57,$AA$41:$AA$60,0),MATCH(I$40,$AB$40:$AI$40,0))),0,INDEX($AB$41:$AI$60,MATCH($A57,$AA$41:$AA$60,0),MATCH(I$40,$AB$40:$AI$40,0))) -> 25.877243 | AA57: hhd-k2 | AB57: 2.0671225 | AC57: 20.816325 | AD57: 1.2039314 | AE57: 0.40187041 | AF57: 1.2505701 | AG57: 1.2761115 | AH57: 0.06524337 | AI57: 25.877243
A58: hhd-k3 | B58: =IF(ISNA(INDEX($AB$41:$AI$60,MATCH($A58,$AA$41:$AA$60,0),MATCH(B$40,$AB$40:$AI$40,0))),0,INDEX($AB$41:$AI$60,MATCH($A58,$AA$41:$AA$60,0),MATCH(B$40,$AB$40:$AI$40,0))) -> 3.8677105 | C58: =IF(ISNA(INDEX($AB$41:$AI$60,MATCH($A58,$AA$41:$AA$60,0),MATCH(C$40,$AB$40:$AI$40,0))),0,INDEX($AB$41:$AI$60,MATCH($A58,$AA$41:$AA$60,0),MATCH(C$40,$AB$40:$AI$40,0))) -> 36.212146 | D58: =IF(ISNA(INDEX($AB$41:$AI$60,MATCH($A58,$AA$41:$AA$60,0),MATCH(D$40,$AB$40:$AI$40,0))),0,INDEX($AB$41:$AI$60,MATCH($A58,$AA$41:$AA$60,0),MATCH(D$40,$AB$40:$AI$40,0))) -> 2.363407 | E58: =IF(ISNA(INDEX($AB$41:$AI$60,MATCH($A58,$AA$41:$AA$60,0),MATCH(E$40,$AB$40:$AI$40,0))),0,INDEX($AB$41:$AI$60,MATCH($A58,$AA$41:$AA$60,0),MATCH(E$40,$AB$40:$AI$40,0))) -> 0.31448971 | F58: =IF(ISNA(INDEX($AB$41:$AI$60,MATCH($A58,$AA$41:$AA$60,0),MATCH(F$40,$AB$40:$AI$40,0))),0,INDEX($AB$41:$AI$60,MATCH($A58,$AA$41:$AA$60,0),MATCH(F$40,$AB$40:$AI$40,0))) -> 1.3285597 | G58: =IF(ISNA(INDEX($AB$41:$AI$60,MATCH($A58,$AA$41:$AA$60,0),MATCH(G$40,$AB$40:$AI$40,0))),0,INDEX($AB$41:$AI$60,MATCH($A58,$AA$41:$AA$60,0),MATCH(G$40,$AB$40:$AI$40,0))) -> 1.551261 | H58: =IF(ISNA(INDEX($AB$41:$AI$60,MATCH($A58,$AA$41:$AA$60,0),MATCH(H$40,$AB$40:$AI$40,0))),0,INDEX($AB$41:$AI$60,MATCH($A58,$AA$41:$AA$60,0),MATCH(H$40,$AB$40:$AI$40,0))) -> 0.076829932 | I58: =IF(ISNA(INDEX($AB$41:$AI$60,MATCH($A58,$AA$41:$AA$60,0),MATCH(I$40,$AB$40:$AI$40,0))),0,INDEX($AB$41:$AI$60,MATCH($A58,$AA$41:$AA$60,0),MATCH(I$40,$AB$40:$AI$40,0))) -> 43.350997 | AA58: hhd-k3 | AB58: 3.8677105 | AC58: 36.212146 | AD58: 2.363407 | AE58: 0.31448971 | AF58: 1.3285597 | AG58: 1.551261 | AH58: 0.076829932 | AI58: 43.350997
A59: hhd-k4 | B59: =IF(ISNA(INDEX($AB$41:$AI$60,MATCH($A59,$AA$41:$AA$60,0),MATCH(B$40,$AB$40:$AI$40,0))),0,INDEX($AB$41:$AI$60,MATCH($A59,$AA$41:$AA$60,0),MATCH(B$40,$AB$40:$AI$40,0))) -> 7.1471628 | C59: =IF(ISNA(INDEX($AB$41:$AI$60,MATCH($A59,$AA$41:$AA$60,0),MATCH(C$40,$AB$40:$AI$40,0))),0,INDEX($AB$41:$AI$60,MATCH($A59,$AA$41:$AA$60,0),MATCH(C$40,$AB$40:$AI$40,0))) -> 96.655055 | D59: =IF(ISNA(INDEX($AB$41:$AI$60,MATCH($A59,$AA$41:$AA$60,0),MATCH(D$40,$AB$40:$AI$40,0))),0,INDEX($AB$41:$AI$60,MATCH($A59,$AA$41:$AA$60,0),MATCH(D$40,$AB$40:$AI$40,0))) -> 4.567656 | E59: =IF(ISNA(INDEX($AB$41:$AI$60,MATCH($A59,$AA$41:$AA$60,0),MATCH(E$40,$AB$40:$AI$40,0))),0,INDEX($AB$41:$AI$60,MATCH($A59,$AA$41:$AA$60,0),MATCH(E$40,$AB$40:$AI$40,0))) -> 1.3913754 | F59: =IF(ISNA(INDEX($AB$41:$AI$60,MATCH($A59,$AA$41:$AA$60,0),MATCH(F$40,$AB$40:$AI$40,0))),0,INDEX($AB$41:$AI$60,MATCH($A59,$AA$41:$AA$60,0),MATCH(F$40,$AB$40:$AI$40,0))) -> 3.9732277 | G59: =IF(ISNA(INDEX($AB$41:$AI$60,MATCH($A59,$AA$41:$AA$60,0),MATCH(G$40,$AB$40:$AI$40,0))),0,INDEX($AB$41:$AI$60,MATCH($A59,$AA$41:$AA$60,0),MATCH(G$40,$AB$40:$AI$40,0))) -> 14.294999 | H59: =IF(ISNA(INDEX($AB$41:$AI$60,MATCH($A59,$AA$41:$AA$60,0),MATCH(H$40,$AB$40:$AI$40,0))),0,INDEX($AB$41:$AI$60,MATCH($A59,$AA$41:$AA$60,0),MATCH(H$40,$AB$40:$AI$40,0))) -> 0.16215316 | I59: =IF(ISNA(INDEX($AB$41:$AI$60,MATCH($A59,$AA$41:$AA$60,0),MATCH(I$40,$AB$40:$AI$40,0))),0,INDEX($AB$41:$AI$60,MATCH($A59,$AA$41:$AA$60,0),MATCH(I$40,$AB$40:$AI$40,0))) -> 123.62397 | AA59: hhd-k4 | AB59: 7.1471628 | AC59: 96.655055 | AD59: 4.567656 | AE59: 1.3913754 | AF59: 3.9732277 | AG59: 14.294999 | AH59: 0.16215316 | AI59: 123.62397
A60: hhd-k5 | B60: =IF(ISNA(INDEX($AB$41:$AI$60,MATCH($A60,$AA$41:$AA$60,0),MATCH(B$40,$AB$40:$AI$40,0))),0,INDEX($AB$41:$AI$60,MATCH($A60,$AA$41:$AA$60,0),MATCH(B$40,$AB$40:$AI$40,0))) -> 12.928487 | C60: =IF(ISNA(INDEX($AB$41:$AI$60,MATCH($A60,$AA$41:$AA$60,0),MATCH(C$40,$AB$40:$AI$40,0))),0,INDEX($AB$41:$AI$60,MATCH($A60,$AA$41:$AA$60,0),MATCH(C$40,$AB$40:$AI$40,0))) -> 1611.2159 | D60: =IF(ISNA(INDEX($AB$41:$AI$60,MATCH($A60,$AA$41:$AA$60,0),MATCH(D$40,$AB$40:$AI$40,0))),0,INDEX($AB$41:$AI$60,MATCH($A60,$AA$41:$AA$60,0),MATCH(D$40,$AB$40:$AI$40,0))) -> 10.165215 | E60: =IF(ISNA(INDEX($AB$41:$AI$60,MATCH($A60,$AA$41:$AA$60,0),MATCH(E$40,$AB$40:$AI$40,0))),0,INDEX($AB$41:$AI$60,MATCH($A60,$AA$41:$AA$60,0),MATCH(E$40,$AB$40:$AI$40,0))) -> 124.07636 | F60: =IF(ISNA(INDEX($AB$41:$AI$60,MATCH($A60,$AA$41:$AA$60,0),MATCH(F$40,$AB$40:$AI$40,0))),0,INDEX($AB$41:$AI$60,MATCH($A60,$AA$41:$AA$60,0),MATCH(F$40,$AB$40:$AI$40,0))) -> 191.62292 | G60: =IF(ISNA(INDEX($AB$41:$AI$60,MATCH($A60,$AA$41:$AA$60,0),MATCH(G$40,$AB$40:$AI$40,0))),0,INDEX($AB$41:$AI$60,MATCH($A60,$AA$41:$AA$60,0),MATCH(G$40,$AB$40:$AI$40,0))) -> 406.83183 | H60: =IF(ISNA(INDEX($AB$41:$AI$60,MATCH($A60,$AA$41:$AA$60,0),MATCH(H$40,$AB$40:$AI$40,0))),0,INDEX($AB$41:$AI$60,MATCH($A60,$AA$41:$AA$60,0),MATCH(H$40,$AB$40:$AI$40,0))) -> 27.799907 | I60: =IF(ISNA(INDEX($AB$41:$AI$60,MATCH($A60,$AA$41:$AA$60,0),MATCH(I$40,$AB$40:$AI$40,0))),0,INDEX($AB$41:$AI$60,MATCH($A60,$AA$41:$AA$60,0),MATCH(I$40,$AB$40:$AI$40,0))) -> 2374.4754 | AA60: hhd-k5 | AB60: 12.928487 | AC60: 1611.2159 | AD60: 10.165215 | AE60: 124.07636 | AF60: 191.62292 | AG60: 406.83183 | AH60: 27.799907 | AI60: 2374.4754
A61: Farm | B61: =SUM(B41:B45) -> 911.75843 | C61: =SUM(C41:C45) -> 2130.1594 | D61: =SUM(D41:D45) -> 623.84028 | E61: =SUM(E41:E45) -> 26.377733 | F61: =SUM(F41:F45) -> 46.487057 | G61: =SUM(G41:G45) -> 124.94304 | H61: =SUM(H41:H45) -> 16.026468 | I61: =SUM(I41:I45) -> 3255.7522
A62: Non-farm | B62: =SUM(B46:B50) -> 1.0568508 | C62: =SUM(C46:C50) -> 122.62781 | D62: =SUM(D46:D50) -> 0.057345824 | E62: =SUM(E46:E50) -> 5.3940746 | F62: =SUM(F46:F50) -> 8.9885594 | G62: =SUM(G46:G50) -> 8.5406033 | H62: =SUM(H46:H50) -> 0.49079835 | I62: =SUM(I46:I50) -> 147.09869
A63: Urban | B63: =SUM(B51:B55) -> 80.817432 | C63: =SUM(C51:C55) -> 640.28015 | D63: =SUM(D51:D55) -> 21.200197 | E63: =SUM(E51:E55) -> 37.882177 | F63: =SUM(F51:F55) -> 61.632006 | G63: =SUM(G51:G55) -> 103.391 | H63: =SUM(H51:H55) -> 3.5011663 | I63: =SUM(I51:I55) -> 927.50393
A64: Kigali | B64: =SUM(B56:B60) -> 27.294521 | C64: =SUM(C56:C60) -> 1771.1946 | D64: =SUM(D56:D60) -> 18.711406 | E64: =SUM(E56:E60) -> 126.18409 | F64: =SUM(F56:F60) -> 198.17528 | G64: =SUM(G56:G60) -> 424.11006 | H64: =SUM(H56:H60) -> 28.139884 | I64: =SUM(I56:I60) -> 2575.0984
A65: Total | B65: =SUM(B61:B64) -> 1020.9272 | C65: =SUM(C61:C64) -> 4664.262 | D65: =SUM(D61:D64) -> 663.80923 | E65: =SUM(E61:E64) -> 195.83808 | F65: =SUM(F61:F64) -> 315.2829 | G65: =SUM(G61:G64) -> 660.9847 | H65: =SUM(H61:H64) -> 48.158316 | I65: =SUM(I61:I64) -> 6905.4532
A66: Q1 | B66: =B41+B46+B51+B56 -> 119.83181 | C66: =C41+C46+C51+C56 -> 247.36758 | D66: =D41+D46+D51+D56 -> 60.911495 | E66: =E41+E46+E51+E56 -> 0.41360852 | F66: =F41+F46+F51+F56 -> 2.0733081 | G66: =G41+G46+G51+G56 -> 12.125451 | H66: =H41+H46+H51+H56 -> 1.2469335 | I66: =I41+I46+I51+I56 -> 383.05869
A67: Q2 | B67: =B42+B47+B52+B57 -> 165.63382 | C67: =C42+C47+C52+C57 -> 332.67812 | D67: =D42+D47+D52+D57 -> 105.585 | E67: =E42+E47+E52+E57 -> 1.5745595 | F67: =F42+F47+F52+F57 -> 4.1368734 | G67: =G42+G47+G52+G57 -> 15.905064 | H67: =H42+H47+H52+H57 -> 1.433146 | I67: =I42+I47+I52+I57 -> 521.36158
A68: Q3 | B68: =B43+B48+B53+B58 -> 215.92639 | C68: =C43+C48+C53+C58 -> 480.08507 | D68: =D43+D48+D53+D58 -> 151.86062 | E68: =E43+E48+E53+E58 -> 2.4039931 | F68: =F43+F48+F53+F58 -> 6.8641761 | G68: =G43+G48+G53+G58 -> 22.287796 | H68: =H43+H48+H53+H58 -> 2.7053734 | I68: =I43+I48+I53+I58 -> 730.2728
A69: Q4 | B69: =B44+B49+B54+B59 -> 274.11018 | C69: =C44+C49+C54+C59 -> 742.69481 | D69: =D44+D49+D54+D59 -> 200.39672 | E69: =E44+E49+E54+E59 -> 7.1149579 | F69: =F44+F49+F54+F59 -> 22.029258 | G69: =G44+G49+G54+G59 -> 54.953338 | H69: =H44+H49+H54+H59 -> 3.8904063 | I69: =I44+I49+I54+I59 -> 1104.7929
A70: Q5 | B70: =B45+B50+B55+B60 -> 245.42503 | C70: =C45+C50+C55+C60 -> 2861.4364 | D70: =D45+D50+D55+D60 -> 145.0554 | E70: =E45+E50+E55+E60 -> 184.33096 | F70: =F45+F50+F55+F60 -> 280.17929 | G70: =G45+G50+G55+G60 -> 555.71305 | H70: =H45+H50+H55+H60 -> 38.882457 | I70: =I45+I50+I55+I60 -> 4165.9672
A73: Survey household consumption and population data
A74: HHDDATA
B75: tcons | C75: pop | AB75: tcons | AC75: pop
A76: hhd-f1 | B76: =INDEX($AB$76:$AC$95,MATCH($A76,$AA$76:$AA$95,0),MATCH(B$75,$AB$75:$AC$75,0)) -> 294247.57 | C76: =INDEX($AB$76:$AC$95,MATCH($A76,$AA$76:$AA$95,0),MATCH(C$75,$AB$75:$AC$75,0)) -> 2151.384 | AA76: hhd-f1 | AB76: 294247.57 | AC76: 2151.384
A77: hhd-f2 | B77: =INDEX($AB$76:$AC$95,MATCH($A77,$AA$76:$AA$95,0),MATCH(B$75,$AB$75:$AC$75,0)) -> 429883.16 | C77: =INDEX($AB$76:$AC$95,MATCH($A77,$AA$76:$AA$95,0),MATCH(C$75,$AB$75:$AC$75,0)) -> 2082.696 | AA77: hhd-f2 | AB77: 429883.16 | AC77: 2082.696
A78: hhd-f3 | B78: =INDEX($AB$76:$AC$95,MATCH($A78,$AA$76:$AA$95,0),MATCH(B$75,$AB$75:$AC$75,0)) -> 552628.93 | C78: =INDEX($AB$76:$AC$95,MATCH($A78,$AA$76:$AA$95,0),MATCH(C$75,$AB$75:$AC$75,0)) -> 2026.14 | AA78: hhd-f3 | AB78: 552628.93 | AC78: 2026.14
A79: hhd-f4 | B79: =INDEX($AB$76:$AC$95,MATCH($A79,$AA$76:$AA$95,0),MATCH(B$75,$AB$75:$AC$75,0)) -> 722684.96 | C79: =INDEX($AB$76:$AC$95,MATCH($A79,$AA$76:$AA$95,0),MATCH(C$75,$AB$75:$AC$75,0)) -> 1890.207 | AA79: hhd-f4 | AB79: 722684.96 | AC79: 1890.207
A80: hhd-f5 | B80: =INDEX($AB$76:$AC$95,MATCH($A80,$AA$76:$AA$95,0),MATCH(B$75,$AB$75:$AC$75,0)) -> 656301.28 | C80: =INDEX($AB$76:$AC$95,MATCH($A80,$AA$76:$AA$95,0),MATCH(C$75,$AB$75:$AC$75,0)) -> 970.2514 | AA80: hhd-f5 | AB80: 656301.28 | AC80: 970.2514
A81: hhd-n1 | B81: =INDEX($AB$76:$AC$95,MATCH($A81,$AA$76:$AA$95,0),MATCH(B$75,$AB$75:$AC$75,0)) -> 988.06606 | C81: =INDEX($AB$76:$AC$95,MATCH($A81,$AA$76:$AA$95,0),MATCH(C$75,$AB$75:$AC$75,0)) -> 8.869401 | AA81: hhd-n1 | AB81: 988.06606 | AC81: 8.869401
A82: hhd-n2 | B82: =INDEX($AB$76:$AC$95,MATCH($A82,$AA$76:$AA$95,0),MATCH(B$75,$AB$75:$AC$75,0)) -> 1078.4692 | C82: =INDEX($AB$76:$AC$95,MATCH($A82,$AA$76:$AA$95,0),MATCH(C$75,$AB$75:$AC$75,0)) -> 9.170509 | AA82: hhd-n2 | AB82: 1078.4692 | AC82: 9.170509
A83: hhd-n3 | B83: =INDEX($AB$76:$AC$95,MATCH($A83,$AA$76:$AA$95,0),MATCH(B$75,$AB$75:$AC$75,0)) -> 3985.0376 | C83: =INDEX($AB$76:$AC$95,MATCH($A83,$AA$76:$AA$95,0),MATCH(C$75,$AB$75:$AC$75,0)) -> 18.082 | AA83: hhd-n3 | AB83: 3985.0376 | AC83: 18.082
A84: hhd-n4 | B84: =INDEX($AB$76:$AC$95,MATCH($A84,$AA$76:$AA$95,0),MATCH(B$75,$AB$75:$AC$75,0)) -> 9749.9734 | C84: =INDEX($AB$76:$AC$95,MATCH($A84,$AA$76:$AA$95,0),MATCH(C$75,$AB$75:$AC$75,0)) -> 30.3314 | AA84: hhd-n4 | AB84: 9749.9734 | AC84: 30.3314
A85: hhd-n5 | B85: =INDEX($AB$76:$AC$95,MATCH($A85,$AA$76:$AA$95,0),MATCH(B$75,$AB$75:$AC$75,0)) -> 58158.204 | C85: =INDEX($AB$76:$AC$95,MATCH($A85,$AA$76:$AA$95,0),MATCH(C$75,$AB$75:$AC$75,0)) -> 63.09233 | AA85: hhd-n5 | AB85: 58158.204 | AC85: 63.09233
A86: hhd-u1 | B86: =INDEX($AB$76:$AC$95,MATCH($A86,$AA$76:$AA$95,0),MATCH(B$75,$AB$75:$AC$75,0)) -> 16732.514 | C86: =INDEX($AB$76:$AC$95,MATCH($A86,$AA$76:$AA$95,0),MATCH(C$75,$AB$75:$AC$75,0)) -> 128.8187 | AA86: hhd-u1 | AB86: 16732.514 | AC86: 128.8187
A87: hhd-u2 | B87: =INDEX($AB$76:$AC$95,MATCH($A87,$AA$76:$AA$95,0),MATCH(B$75,$AB$75:$AC$75,0)) -> 29661.714 | C87: =INDEX($AB$76:$AC$95,MATCH($A87,$AA$76:$AA$95,0),MATCH(C$75,$AB$75:$AC$75,0)) -> 142.283 | AA87: hhd-u2 | AB87: 29661.714 | AC87: 142.283
... A95: hhd-k5 | B95: =INDEX($AB$76:$AC$95,MATCH($A95,$AA$76:$AA$95,0),MATCH(B$75,$AB$75:$AC$75,0)) -> 1093372.5 | C95: =INDEX($AB$76:$AC$95,MATCH($A95,$AA$76:$AA$95,0),MATCH(C$75,$AB$75:$AC$75,0)) -> 959.8911 | AA95: hhd-k5 | AB95: 1093372.5 | AC95: 959.8911
A96: Farm | B96: =SUM(B76:B80) -> 2655745.9 | C96: =SUM(C76:C80) -> 9120.6784
A97: Non-farm | B97: =SUM(B81:B85) -> 73959.75 | C97: =SUM(C81:C85) -> 129.54564
A98: Urban | B98: =SUM(B86:B90) -> 495160.05 | C98: =SUM(C86:C90) -> 961.4387
A99: Kigali | B99: =SUM(B91:B95) -> 1240520.8 | C99: =SUM(C91:C95) -> 1545.1737
A100: Total | B100: =SUM(B96:B99) -> 4465386.5 | C100: =SUM(C96:C99) -> 11756.836
A101: Q1 | B101: =B76+B81+B86+B91 -> 318806.86 | C101: =C76+C81+C86+C91 -> 2348.7446
A102: Q2 | B102: =B77+B82+B87+B92 -> 479925.34 | C102: =C77+C82+C87+C92 -> 2350.0409
A103: Q3 | B103: =B78+B83+B88+B93 -> 634439.25 | C103: =C78+C83+C88+C93 -> 2348.1044
A104: Q4 | B104: =B79+B84+B89+B94 -> 889953.83 | C104: =C79+C84+C89+C94 -> 2352.1492
A105: Q5 | B105: =B80+B85+B90+B95 -> 2142261.3 | C105: =C80+C85+C90+C95 -> 2357.7973

Sheet Workings
A1: Household Income Sources and Expenditure Patterns
A5: Household incomes | C5: Labor | H5: Farm earnnings | L5: Non-farm earnings
C6: Total | D6: None | E6: Primary | F6: Second. | G6: Tertiary | H6: Total | I6: Land | J6: Crops | K6: Livestock | L6: Enterprises | M6: Government | N6: Rest of world | O6: Total
A7: Rural - farm q1 | B7: hhd-f1 | C7: =SUM(D7:G7) -> 56.718718 | D7: =SUM(Data!B6,Data!F6,Data!J6)/Data!$T6*100 -> 33.761575 | E7: =SUM(Data!C6,Data!G6,Data!K6)/Data!$T6*100 -> 22.081268 | F7: =SUM(Data!D6,Data!H6,Data!L6)/Data!$T6*100 -> 0.83184668 | G7: =SUM(Data!E6,Data!I6,Data!M6)/Data!$T6*100 -> 0.044028379 | H7: =SUM(I7:K7) -> 31.821148 | I7: =Data!N6/Data!$T6*100 -> 19.686655 | J7: =Data!O6/Data!$T6*100 -> 9.9899314 | K7: =Data!P6/Data!$T6*100 -> 2.1445616 | L7: =Data!Q6/Data!$T6*100 -> 5.1398583 | M7: =Data!R6/Data!$T6*100 -> 5.6194069 | N7: =Data!S6/Data!$T6*100 -> 0.70086865 | O7: =C7+H7+L7+M7+N7 -> 100
A8: Rural - farm q2 | B8: hhd-f2 | C8: =SUM(D8:G8) -> 54.410913 | D8: =SUM(Data!B7,Data!F7,Data!J7)/Data!$T7*100 -> 27.201931 | E8: =SUM(Data!C7,Data!G7,Data!K7)/Data!$T7*100 -> 24.776441 | F8: =SUM(Data!D7,Data!H7,Data!L7)/Data!$T7*100 -> 2.1454199 | G8: =SUM(Data!E7,Data!I7,Data!M7)/Data!$T7*100 -> 0.28712068 | H8: =SUM(I8:K8) -> 30.411018 | I8: =Data!N7/Data!$T7*100 -> 18.751089 | J8: =Data!O7/Data!$T7*100 -> 9.4339247 | K8: =Data!P7/Data!$T7*100 -> 2.2260035 | L8: =Data!Q7/Data!$T7*100 -> 9.903803 | M8: =Data!R7/Data!$T7*100 -> 4.4597797 | N8: =Data!S7/Data!$T7*100 -> 0.8144872 | O8: =C8+H8+L8+M8+N8 -> 100
A9: Rural - farm q3 | B9: hhd-f3 | C9: =SUM(D9:G9) -> 55.972671 | D9: =SUM(Data!B8,Data!F8,Data!J8)/Data!$T8*100 -> 26.758842 | E9: =SUM(Data!C8,Data!G8,Data!K8)/Data!$T8*100 -> 26.470814 | F9: =SUM(Data!D8,Data!H8,Data!L8)/Data!$T8*100 -> 2.5601213 | G9: =SUM(Data!E8,Data!I8,Data!M8)/Data!$T8*100 -> 0.18289328 | H9: =SUM(I9:K9) -> 32.577344 | I9: =Data!N8/Data!$T8*100 -> 20.150973 | J9: =Data!O8/Data!$T8*100 -> 10.138854 | K9: =Data!P8/Data!$T8*100 -> 2.2875176 | L9: =Data!Q8/Data!$T8*100 -> 6.5873301 | M9: =Data!R8/Data!$T8*100 -> 3.6789031 | N9: =Data!S8/Data!$T8*100 -> 1.1837519 | O9: =C9+H9+L9+M9+N9 -> 100
A10: Rural - farm q4 | B10: hhd-f4 | C10: =SUM(D10:G10) -> 48.550851 | D10: =SUM(Data!B9,Data!F9,Data!J9)/Data!$T9*100 -> 19.400744 | E10: =SUM(Data!C9,Data!G9,Data!K9)/Data!$T9*100 -> 22.131151 | F10: =SUM(Data!D9,Data!H9,Data!L9)/Data!$T9*100 -> 3.710564 | G10: =SUM(Data!E9,Data!I9,Data!M9)/Data!$T9*100 -> 3.3083914 | H10: =SUM(I10:K10) -> 24.824525 | I10: =Data!N9/Data!$T9*100 -> 15.173325 | J10: =Data!O9/Data!$T9*100 -> 7.5705421 | K10: =Data!P9/Data!$T9*100 -> 2.0806587 | L10: =Data!Q9/Data!$T9*100 -> 21.431803 | M10: =Data!R9/Data!$T9*100 -> 3.8923388 | N10: =Data!S9/Data!$T9*100 -> 1.3004822 | O10: =C10+H10+L10+M10+N10 -> 100
A11: Rural - farm q5 | B11: hhd-f5 | C11: =SUM(D11:G11) -> 47.719907 | D11: =SUM(Data!B10,Data!F10,Data!J10)/Data!$T10*100 -> 10.019478 | E11: =SUM(Data!C10,Data!G10,Data!K10)/Data!$T10*100 -> 18.052953 | F11: =SUM(Data!D10,Data!H10,Data!L10)/Data!$T10*100 -> 7.4900843 | G11: =SUM(Data!E10,Data!I10,Data!M10)/Data!$T10*100 -> 12.157392 | H11: =SUM(I11:K11) -> 15.677279 | I11: =Data!N10/Data!$T10*100 -> 9.4709973 | J11: =Data!O10/Data!$T10*100 -> 4.7279155 | K11: =Data!P10/Data!$T10*100 -> 1.4783665 | L11: =Data!Q10/Data!$T10*100 -> 30.201401 | M11: =Data!R10/Data!$T10*100 -> 3.1801094 | N11: =Data!S10/Data!$T10*100 -> 3.2213029 | O11: =C11+H11+L11+M11+N11 -> 100
A12: Rural - nonfarm q1 | B12: hhd-n1 | C12: =SUM(D12:G12) -> 91.663226 | D12: =SUM(Data!B11,Data!F11,Data!J11)/Data!$T11*100 -> 65.56142 | E12: =SUM(Data!C11,Data!G11,Data!K11)/Data!$T11*100 -> 26.101806 | F12: =SUM(Data!D11,Data!H11,Data!L11)/Data!$T11*100 -> 0 | G12: =SUM(Data!E11,Data!I11,Data!M11)/Data!$T11*100 -> 0 | H12: =SUM(I12:K12) -> 0 | I12: =Data!N11/Data!$T11*100 -> 0 | J12: =Data!O11/Data!$T11*100 -> 0 | K12: =Data!P11/Data!$T11*100 -> 0 | L12: =Data!Q11/Data!$T11*100 -> 0 | M12: =Data!R11/Data!$T11*100 -> 8.2203856 | N12: =Data!S11/Data!$T11*100 -> 0.11638858 | O12: =C12+H12+L12+M12+N12 -> 100
A13: Rural - nonfarm q2 | B13: hhd-n2 | C13: =SUM(D13:G13) -> 92.166166 | D13: =SUM(Data!B12,Data!F12,Data!J12)/Data!$T12*100 -> 37.620797 | E13: =SUM(Data!C12,Data!G12,Data!K12)/Data!$T12*100 -> 49.336318 | F13: =SUM(Data!D12,Data!H12,Data!L12)/Data!$T12*100 -> 5.2090515 | G13: =SUM(Data!E12,Data!I12,Data!M12)/Data!$T12*100 -> 0 | H13: =SUM(I13:K13) -> 0 | I13: =Data!N12/Data!$T12*100 -> 0 | J13: =Data!O12/Data!$T12*100 -> 0 | K13: =Data!P12/Data!$T12*100 -> 0 | L13: =Data!Q12/Data!$T12*100 -> 0 | M13: =Data!R12/Data!$T12*100 -> 7.8338336 | N13: =Data!S12/Data!$T12*100 -> 0 | O13: =C13+H13+L13+M13+N13 -> 100
A14: Rural - nonfarm q3 | B14: hhd-n3 | C14: =SUM(D14:G14) -> 92.48653 | D14: =SUM(Data!B13,Data!F13,Data!J13)/Data!$T13*100 -> 40.253118 | E14: =SUM(Data!C13,Data!G13,Data!K13)/Data!$T13*100 -> 41.411943 | F14: =SUM(Data!D13,Data!H13,Data!L13)/Data!$T13*100 -> 10.821468 | G14: =SUM(Data!E13,Data!I13,Data!M13)/Data!$T13*100 -> 0 | H14: =SUM(I14:K14) -> 0 | I14: =Data!N13/Data!$T13*100 -> 0 | J14: =Data!O13/Data!$T13*100 -> 0 | K14: =Data!P13/Data!$T13*100 -> 0 | L14: =Data!Q13/Data!$T13*100 -> 4.0844341 | M14: =Data!R13/Data!$T13*100 -> 2.7628062 | N14: =Data!S13/Data!$T13*100 -> 0.66623016 | O14: =C14+H14+L14+M14+N14 -> 100
A15: Rural - nonfarm q4 | B15: hhd-n4 | C15: =SUM(D15:G15) -> 95.027665 | D15: =SUM(Data!B14,Data!F14,Data!J14)/Data!$T14*100 -> 33.753361 | E15: =SUM(Data!C14,Data!G14,Data!K14)/Data!$T14*100 -> 37.258531 | F15: =SUM(Data!D14,Data!H14,Data!L14)/Data!$T14*100 -> 12.869057 | G15: =SUM(Data!E14,Data!I14,Data!M14)/Data!$T14*100 -> 11.146717 | H15: =SUM(I15:K15) -> 0 | I15: =Data!N14/Data!$T14*100 -> 0 | J15: =Data!O14/Data!$T14*100 -> 0 | K15: =Data!P14/Data!$T14*100 -> 0 | L15: =Data!Q14/Data!$T14*100 -> 2.7089447 | M15: =Data!R14/Data!$T14*100 -> 2.1670457 | N15: =Data!S14/Data!$T14*100 -> 0.09634414 | O15: =C15+H15+L15+M15+N15 -> 100
A16: Rural - nonfarm q5 | B16: hhd-n5 | C16: =SUM(D16:G16) -> 77.857933 | D16: =SUM(Data!B15,Data!F15,Data!J15)/Data!$T15*100 -> 5.5487297 | E16: =SUM(Data!C15,Data!G15,Data!K15)/Data!$T15*100 -> 16.231586 | F16: =SUM(Data!D15,Data!H15,Data!L15)/Data!$T15*100 -> 14.006689 | G16: =SUM(Data!E15,Data!I15,Data!M15)/Data!$T15*100 -> 42.070928 | H16: =SUM(I16:K16) -> 0 | I16: =Data!N15/Data!$T15*100 -> 0 | J16: =Data!O15/Data!$T15*100 -> 0 | K16: =Data!P15/Data!$T15*100 -> 0 | L16: =Data!Q15/Data!$T15*100 -> 19.128649 | M16: =Data!R15/Data!$T15*100 -> 2.4701437 | N16: =Data!S15/Data!$T15*100 -> 0.54327455 | O16: =C16+H16+L16+M16+N16 -> 100
A17: Urban - q1 | B17: hhd-u1 | C17: =SUM(D17:G17) -> 64.367566 | D17: =SUM(Data!B16,Data!F16,Data!J16)/Data!$T16*100 -> 38.470756 | E17: =SUM(Data!C16,Data!G16,Data!K16)/Data!$T16*100 -> 22.069341 | F17: =SUM(Data!D16,Data!H16,Data!L16)/Data!$T16*100 -> 1.6932897 | G17: =SUM(Data!E16,Data!I16,Data!M16)/Data!$T16*100 -> 2.1341806 | H17: =SUM(I17:K17) -> 24.352334 | I17: =Data!N16/Data!$T16*100 -> 14.829752 | J17: =Data!O16/Data!$T16*100 -> 7.4887427 | K17: =Data!P16/Data!$T16*100 -> 2.0338392 | L17: =Data!Q16/Data!$T16*100 -> 6.0649195 | M17: =Data!R16/Data!$T16*100 -> 4.7120547 | N17: =Data!S16/Data!$T16*100 -> 0.50312497 | O17: =C17+H17+L17+M17+N17 -> 100
A18: Urban - q2 | B18: hhd-u2 | C18: =SUM(D18:G18) -> 58.789764 | D18: =SUM(Data!B17,Data!F17,Data!J17)/Data!$T17*100 -> 29.722328 | E18: =SUM(Data!C17,Data!G17,Data!K17)/Data!$T17*100 -> 23.197151 | F18: =SUM(Data!D17,Data!H17,Data!L17)/Data!$T17*100 -> 2.5969494 | G18: =SUM(Data!E17,Data!I17,Data!M17)/Data!$T17*100 -> 3.2733349 | H18: =SUM(I18:K18) -> 17.67103 | I18: =Data!N17/Data!$T17*100 -> 10.592244 | J18: =Data!O17/Data!$T17*100 -> 5.3298266 | K18: =Data!P17/Data!$T17*100 -> 1.7489599 | L18: =Data!Q17/Data!$T17*100 -> 18.97809 | M18: =Data!R17/Data!$T17*100 -> 3.5815589 | N18: =Data!S17/Data!$T17*100 -> 0.97955685 | O18: =C18+H18+L18+M18+N18 -> 100
... A36: Q5 | B36: Q5 | C36: =SUM(D36:G36) -> 57.495014 | D36: =SUM(Data!B35,Data!F35,Data!J35)/Data!$T35*100 -> 4.2576532 | E36: =SUM(Data!C35,Data!G35,Data!K35)/Data!$T35*100 -> 7.7782404 | F36: =SUM(Data!D35,Data!H35,Data!L35)/Data!$T35*100 -> 7.4399077 | G36: =SUM(Data!E35,Data!I35,Data!M35)/Data!$T35*100 -> 38.019213 | H36: =SUM(I36:K36) -> 5.0821524 | I36: =Data!N35/Data!$T35*100 -> 2.9387846 | J36: =Data!O35/Data!$T35*100 -> 1.4689793 | K36: =Data!P35/Data!$T35*100 -> 0.67438848 | L36: =Data!Q35/Data!$T35*100 -> 30.476729 | M36: =Data!R35/Data!$T35*100 -> 3.4221214 | N36: =Data!S35/Data!$T35*100 -> 3.523983 | O36: =C36+H36+L36+M36+N36 -> 100
A40: Household expenses | C40: Consumption | G40: Other expenditures | M40: Per capita consumption | Q40: Ratios | S40: Inc-Exp differences
C41: Total | D41: Own | E41: Marketed | F41: Foods | G41: Government | H41: Taxes | I41: Saving | J41: Rest of world | K41: Total | O41: SAM | P41: Survey | Q41: SAM | R41: Survey | S41: Abs | T41: % exp
A42: Rural - farm q1 | B42: hhd-f1 | C42: =SUM(D42:E42) -> 95.925161 | D42: =Data!B41/Data!$I41*100 -> 32.216378 | E42: =Data!C41/Data!$I41*100 -> 63.708783 | F42: =Data!D41/Data!$I41*100 -> 16.908181 | G42: =Data!E41/Data!$I41*100 -> 0.089270819 | H42: =Data!F41/Data!$I41*100 -> 0.48571849 | I42: =Data!G41/Data!$I41*100 -> 3.1716854 | J42: =Data!H41/Data!$I41*100 -> 0.3281643 | K42: =Data!I41/Data!$I41*100 -> 100 | M42: Rural - farm q1 | N42: hhd-f1 | O42: =SUM(Data!B41:C41)/Data!C76*1000 -> 157.24714 | P42: =Data!B76/Data!C76 -> 136.77129 | Q42: =O42/O$66 -> 0.32518334 | R42: =P42/P$66 -> 0.36010269 | S42: =Data!T6-Data!I41 -> 0 | T42: =S42/Data!I41*100 -> 0
A43: Rural - farm q2 | B43: hhd-f2 | C43: =SUM(D43:E43) -> 96.074879 | D43: =Data!B42/Data!$I42*100 -> 33.930723 | E43: =Data!C42/Data!$I42*100 -> 62.144156 | F43: =Data!D42/Data!$I42*100 -> 22.120976 | G43: =Data!E42/Data!$I42*100 -> 0.22835801 | H43: =Data!F42/Data!$I42*100 -> 0.4857985 | I43: =Data!G42/Data!$I42*100 -> 2.9390821 | J43: =Data!H42/Data!$I42*100 -> 0.27188219 | K43: =Data!I42/Data!$I42*100 -> 100 | M43: Rural - farm q2 | N43: hhd-f2 | O43: =SUM(Data!B42:C42)/Data!C77*1000 -> 212.99531 | P43: =Data!B77/Data!C77 -> 206.40706 | Q43: =O43/O$66 -> 0.44046924 | R43: =P43/P$66 -> 0.54344546 | S43: =Data!T7-Data!I42 -> 0 | T43: =S43/Data!I42*100 -> 0
A44: Rural - farm q3 | B44: hhd-f3 | C44: =SUM(D44:E44) -> 95.644133 | D44: =Data!B43/Data!$I43*100 -> 32.424669 | E44: =Data!C43/Data!$I43*100 -> 63.219465 | F44: =Data!D43/Data!$I43*100 -> 23.264106 | G44: =Data!E43/Data!$I43*100 -> 0.29983487 | H44: =Data!F43/Data!$I43*100 -> 0.57561858 | I44: =Data!G43/Data!$I43*100 -> 3.084819 | J44: =Data!H43/Data!$I43*100 -> 0.39559412 | K44: =Data!I43/Data!$I43*100 -> 100 | M44: Rural - farm q3 | N44: hhd-f3 | O44: =SUM(Data!B43:C43)/Data!C78*1000 -> 294.25262 | P44: =Data!B78/Data!C78 -> 272.74963 | Q44: =O44/O$66 -> 0.60850744 | R44: =P44/P$66 -> 0.71811762 | S44: =Data!T8-Data!I43 -> 0 | T44: =S44/Data!I43*100 -> 0
A45: Rural - farm q4 | B45: hhd-f4 | C45: =SUM(D45:E45) -> 93.689008 | D45: =Data!B44/Data!$I44*100 -> 29.246315 | E45: =Data!C44/Data!$I44*100 -> 64.442693 | F45: =Data!D44/Data!$I44*100 -> 21.893141 | G45: =Data!E44/Data!$I44*100 -> 0.47328631 | H45: =Data!F44/Data!$I44*100 -> 1.2495273 | I45: =Data!G44/Data!$I44*100 -> 4.1988861 | J45: =Data!H44/Data!$I44*100 -> 0.38929188 | K45: =Data!I44/Data!$I44*100 -> 100 | M45: Rural - farm q4 | N45: hhd-f4 | O45: =SUM(Data!B44:C44)/Data!C79*1000 -> 434.01475 | P45: =Data!B79/Data!C79 -> 382.33112 | Q45: =O45/O$66 -> 0.8975322 | R45: =P45/P$66 -> 1.0066328 | S45: =Data!T9-Data!I44 -> 0 | T45: =S45/Data!I44*100 -> 0
A46: Rural - farm q5 | B46: hhd-f5 | C46: =SUM(D46:E46) -> 89.502337 | D46: =Data!B45/Data!$I45*100 -> 19.447036 | E46: =Data!C45/Data!$I45*100 -> 70.055301 | F46: =Data!D45/Data!$I45*100 -> 13.301622 | G46: =Data!E45/Data!$I45*100 -> 2.0156933 | H46: =Data!F45/Data!$I45*100 -> 2.9714081 | I46: =Data!G45/Data!$I45*100 -> 4.6893253 | J46: =Data!H45/Data!$I45*100 -> 0.82123604 | K46: =Data!I45/Data!$I45*100 -> 100 | M46: Rural - farm q5 | N46: hhd-f5 | O46: =SUM(Data!B45:C45)/Data!C80*1000 -> 869.30017 | P46: =Data!B80/Data!C80 -> 676.42395 | Q46: =O46/O$66 -> 1.7976921 | R46: =P46/P$66 -> 1.7809445 | S46: =Data!T10-Data!I45 -> 0 | T46: =S46/Data!I45*100 -> 0
A47: Rural - nonfarm q1 | B47: hhd-n1 | C47: =SUM(D47:E47) -> 99.152965 | D47: =Data!B46/Data!$I46*100 -> 16.485923 | E47: =Data!C46/Data!$I46*100 -> 82.667041 | F47: =Data!D46/Data!$I46*100 -> 0 | G47: =Data!E46/Data!$I46*100 -> 0 | H47: =Data!F46/Data!$I46*100 -> 0 | I47: =Data!G46/Data!$I46*100 -> 0.35379699 | J47: =Data!H46/Data!$I46*100 -> 0.49323825 | K47: =Data!I46/Data!$I46*100 -> 100 | M47: Rural - nonfarm q1 | N47: hhd-n1 | O47: =SUM(Data!B46:C46)/Data!C81*1000 -> 93.748849 | P47: =Data!B81/Data!C81 -> 111.40167 | Q47: =O47/O$66 -> 0.19387039 | R47: =P47/P$66 -> 0.29330746 | S47: =Data!T11-Data!I46 -> 0 | T47: =S47/Data!I46*100 -> 0
A48: Rural - nonfarm q2 | B48: hhd-n2 | C48: =SUM(D48:E48) -> 95.131436 | D48: =Data!B47/Data!$I47*100 -> 8.7932868 | E48: =Data!C47/Data!$I47*100 -> 86.33815 | F48: =Data!D47/Data!$I47*100 -> 0.074513573 | G48: =Data!E47/Data!$I47*100 -> 0.74400552 | H48: =Data!F47/Data!$I47*100 -> 2.7135841 | I48: =Data!G47/Data!$I47*100 -> 1.4109739 | J48: =Data!H47/Data!$I47*100 -> 0 | K48: =Data!I47/Data!$I47*100 -> 100 | M48: Rural - nonfarm q2 | N48: hhd-n2 | O48: =SUM(Data!B47:C47)/Data!C82*1000 -> 124.95225 | P48: =Data!B82/Data!C82 -> 117.6019 | Q48: =O48/O$66 -> 0.25839829 | R48: =P48/P$66 -> 0.30963193 | S48: =Data!T12-Data!I47 -> 0 | T48: =S48/Data!I47*100 -> 0
A49: Rural - nonfarm q3 | B49: hhd-n3 | C49: =SUM(D49:E49) -> 90.177287 | D49: =Data!B48/Data!$I48*100 -> 5.4312935 | E49: =Data!C48/Data!$I48*100 -> 84.745994 | F49: =Data!D48/Data!$I48*100 -> 0.048263975 | G49: =Data!E48/Data!$I48*100 -> 0.39134097 | H49: =Data!F48/Data!$I48*100 -> 4.5526128 | I49: =Data!G48/Data!$I48*100 -> 3.9408419 | J49: =Data!H48/Data!$I48*100 -> 0.93791693 | K49: =Data!I48/Data!$I48*100 -> 100 | M49: Rural - nonfarm q3 | N49: hhd-n3 | O49: =SUM(Data!B48:C48)/Data!C83*1000 -> 220.02572 | P49: =Data!B83/Data!C83 -> 220.38699 | Q49: =O49/O$66 -> 0.45500797 | R49: =P49/P$66 -> 0.58025297 | S49: =Data!T13-Data!I48 -> 0 | T49: =S49/Data!I48*100 -> 0
A50: Rural - nonfarm q4 | B50: hhd-n4 | C50: =SUM(D50:E50) -> 84.719344 | D50: =Data!B49/Data!$I49*100 -> 2.8482186 | E50: =Data!C49/Data!$I49*100 -> 81.871125 | F50: =Data!D49/Data!$I49*100 -> 0.36296239 | G50: =Data!E49/Data!$I49*100 -> 3.0551765 | H50: =Data!F49/Data!$I49*100 -> 4.6543568 | I50: =Data!G49/Data!$I49*100 -> 7.2880187 | J50: =Data!H49/Data!$I49*100 -> 0.28310399 | K50: =Data!I49/Data!$I49*100 -> 100 | M50: Rural - nonfarm q4 | N50: hhd-n4 | O50: =SUM(Data!B49:C49)/Data!C84*1000 -> 379.10601 | P50: =Data!B84/Data!C84 -> 321.44818 | Q50: =O50/O$66 -> 0.78398224 | R50: =P50/P$66 -> 0.84633518 | S50: =Data!T14-Data!I49 -> 0 | T50: =S50/Data!I49*100 -> 0
A51: Rural - nonfarm q5 | B51: hhd-n5 | C51: =SUM(D51:E51) -> 83.59899 | D51: =Data!B50/Data!$I50*100 -> 0.14675085 | E51: =Data!C50/Data!$I50*100 -> 83.452239 | F51: =Data!D50/Data!$I50*100 -> 0.0039778326 | G51: =Data!E50/Data!$I50*100 -> 3.8979613 | H51: =Data!F50/Data!$I50*100 -> 6.3927241 | I51: =Data!G50/Data!$I50*100 -> 5.7901431 | J51: =Data!H50/Data!$I50*100 -> 0.32018127 | K51: =Data!I50/Data!$I50*100 -> 100 | M51: Rural - nonfarm q5 | N51: hhd-n5 | O51: =SUM(Data!B50:C50)/Data!C85*1000 -> 1683.7223 | P51: =Data!B85/Data!C85 -> 921.79515 | Q51: =O51/O$66 -> 3.4818978 | R51: =P51/P$66 -> 2.426978 | S51: =Data!T15-Data!I50 -> 0 | T51: =S51/Data!I50*100 -> 0
A52: Urban - q1 | B52: hhd-u1 | C52: =SUM(D52:E52) -> 94.077622 | D52: =Data!B51/Data!$I51*100 -> 22.002867 | E52: =Data!C51/Data!$I51*100 -> 72.074755 | F52: =Data!D51/Data!$I51*100 -> 3.9958004 | G52: =Data!E51/Data!$I51*100 -> 0.453533 | H52: =Data!F51/Data!$I51*100 -> 1.6544251 | I52: =Data!G51/Data!$I51*100 -> 3.5861747 | J52: =Data!H51/Data!$I51*100 -> 0.22824524 | K52: =Data!I51/Data!$I51*100 -> 100 | M52: Urban - q1 | N52: hhd-u1 | O52: =SUM(Data!B51:C51)/Data!C86*1000 -> 159.05822 | P52: =Data!B86/Data!C86 -> 129.89196 | Q52: =O52/O$66 -> 0.32892862 | R52: =P52/P$66 -> 0.34199023 | S52: =Data!T16-Data!I51 -> 0 | T52: =S52/Data!I51*100 -> 0
A53: Urban - q2 | B53: hhd-u2 | C53: =SUM(D53:E53) -> 94.243576 | D53: =Data!B52/Data!$I52*100 -> 20.868717 | E53: =Data!C52/Data!$I52*100 -> 73.374859 | F53: =Data!D52/Data!$I52*100 -> 6.8857918 | G53: =Data!E52/Data!$I52*100 -> 0.33587799 | H53: =Data!F52/Data!$I52*100 -> 1.8756184 | I53: =Data!G52/Data!$I52*100 -> 3.1991822 | J53: =Data!H52/Data!$I52*100 -> 0.34574526 | K53: =Data!I52/Data!$I52*100 -> 100 | M53: Urban - q2 | N53: hhd-u2 | O53: =SUM(Data!B52:C52)/Data!C87*1000 -> 215.61352 | P53: =Data!B87/Data!C87 -> 208.46984 | Q53: =O53/O$66 -> 0.44588365 | R53: =P53/P$66 -> 0.54887651 | S53: =Data!T17-Data!I52 -> 0 | T53: =S53/Data!I52*100 -> 0
... A71: Q5 | B71: Q5 | C71: =SUM(D71:E71) -> 74.577194 | D71: =Data!B70/Data!$I70*100 -> 5.8911896 | E71: =Data!C70/Data!$I70*100 -> 68.686005 | F71: =Data!D70/Data!$I70*100 -> 3.4819141 | G71: =Data!E70/Data!$I70*100 -> 4.4246858 | H71: =Data!F70/Data!$I70*100 -> 6.7254319 | I71: =Data!G70/Data!$I70*100 -> 13.339352 | J71: =Data!H70/Data!$I70*100 -> 0.93333565 | K71: =Data!I70/Data!$I70*100 -> 100 | M71: Q5 | N71: Q5 | O71: =SUM(Data!B70:C70)/Data!C105*1000 -> 1317.6966 | P71: =Data!B105/Data!C105 -> 908.58584 | Q71: =O71/O$66 -> 2.7249652 | R71: =P71/P$66 -> 2.3921994 | S71: =Data!T35-Data!I70 -> 0 | T71: =S71/Data!I70*100 -> 0
